Speed,Vibration,Temperature,Gas,Pressure,Power,FaultMode,RUL,Vibration_Rolling_Mean,Vibration_Diff,Temperature_Rolling_Mean,Temperature_Diff,Power_Rolling_Mean,Power_Diff
2578.1288,2.0683,59.5723,0.0172,101256.9299,49.609,Normal,105.7379,2.0131,-0.0325,58.3167,-1.7258,49.9967,0.5869
2534.3169,2.0358,57.8465,0.0131,101231.7637,50.1959,Normal,97.974,2.0131,-0.0325,58.3167,-1.7258,49.9967,0.5869
2551.2482,1.9379,58.4859,0.0108,101431.9169,50.4974,Normal,106.6091,2.0131,-0.0979,58.3167,0.6394,49.9967,0.3015
2587.5675,1.9603,57.5375,0.0103,101270.8443,50.6952,Normal,106.9299,2.0131,0.0223,58.3167,-0.9484,49.9967,0.1978
2534.0911,2.0631,58.1413,0.0176,101285.6734,48.9861,Normal,98.1554,2.0131,0.1028,58.3167,0.6038,49.9967,-1.7091
2585.227,1.8613,58.4441,0.0103,101392.5447,50.0295,Normal,96.4639,1.9717,-0.2018,58.091,0.3028,50.0808,1.0435
2604.2943,1.7681,60.0233,0.0157,101277.8264,50.8067,Normal,98.6008,1.9181,-0.0931,58.5264,1.5792,50.203,0.7772
2566.0182,2.0313,58.5795,0.0198,101309.6281,50.0479,Normal,99.0262,1.9368,0.2632,58.5451,-1.4438,50.1131,-0.7589
2583.2364,2.1867,58.3747,0.0138,101372.1072,50.0183,Normal,96.8385,1.9821,0.1554,58.7126,-0.2047,49.9777,-0.0296
2578.3694,2.0646,59.251,0.0185,101325.0051,49.5751,Normal,92.5894,1.9824,-0.1221,58.9345,0.8763,50.0955,-0.4431
2565.9875,1.9414,59.1849,0.0174,101286.9159,49.5441,Normal,103.3222,1.9985,-0.1232,59.0827,-0.0662,49.9984,-0.0311
2534.5069,1.91,58.9778,0.0121,101291.8006,51.1732,Normal,91.2597,2.0268,-0.0315,58.8736,-0.2071,50.0717,1.6291
2566.5128,1.8439,57.7585,0.0135,101314.2414,50.866,Normal,94.8025,1.9893,-0.0661,58.7094,-1.2193,50.2353,-0.3071
2567.6748,1.7641,58.4783,0.0166,101374.3378,50.2699,Normal,98.9208,1.9048,-0.0798,58.7301,0.7198,50.2857,-0.5962
2622.6691,1.8053,59.022,0.0102,101272.8316,49.8143,Normal,99.974,1.8529,0.0412,58.6843,0.5436,50.3335,-0.4556
2585.1732,1.9032,58.2297,0.019,101306.5043,50.674,Normal,93.3178,1.8453,0.0979,58.4933,-0.7922,50.5595,0.8598
2618.3852,2.0629,58.9308,0.0183,101224.4509,50.498,Normal,101.2637,1.8759,0.1597,58.4839,0.7011,50.4244,-0.1761
2565.4581,1.9922,57.7072,0.017,101321.6973,50.3707,Normal,96.4475,1.9055,-0.0707,58.4736,-1.2236,50.3254,-0.1273
2565.8352,2.1647,59.2524,0.0171,101361.8247,49.8843,Normal,105.4879,1.9857,0.1725,58.6284,1.5452,50.2483,-0.4863
2542.3005,1.8496,58.2794,0.0175,101229.7145,50.7162,Normal,95.5494,1.9945,-0.3151,58.4799,-0.9731,50.4286,0.8318
2582.3937,2.0271,58.1633,0.0102,101258.7937,50.6025,Normal,101.5522,2.0193,0.1775,58.4666,-0.1161,50.4143,-0.1137
2574.3006,2.0427,58.6684,0.0176,101351.492,48.6361,Normal,94.5649,2.0153,0.0156,58.4141,0.5051,50.0419,-1.9664
2546.3828,2.0095,57.2138,0.0131,101284.5282,50.8406,Normal,95.9136,2.0187,-0.0331,58.3155,-1.4547,50.1359,2.2045
2603.5454,1.898,57.9474,0.0149,101233.5877,50.5215,Normal,96.1417,1.9654,-0.1115,58.0544,0.7336,50.2634,-0.3191
2582.7492,1.8562,58.0568,0.0127,101298.5624,50.804,Normal,97.8158,1.9667,-0.0418,58.0099,0.1094,50.2809,0.2825
2583.8059,1.8088,58.4803,0.0147,101220.9232,49.7637,Normal,98.3592,1.923,-0.0474,58.0733,0.4235,50.1132,-1.0403
2577.9367,1.6926,59.2185,0.02,101319.8812,51.4319,Normal,99.406,1.853,-0.1162,58.1833,0.7382,50.6723,1.6682
2534.3008,1.8631,58.7957,0.0158,101339.4047,50.4078,Normal,91.6363,1.8238,0.1706,58.4997,-0.4228,50.5858,-1.0242
2590.3366,1.8419,58.2932,0.0193,101330.8416,50.4968,Normal,100.0809,1.8125,-0.0213,58.5689,-0.5025,50.5808,0.089
2599.029,2.1564,59.3957,0.015,101333.7679,49.7012,Normal,97.3481,1.8726,0.3145,58.8367,1.1025,50.3603,-0.7956
2571.1456,2.228,58.0933,0.0112,101382.1928,50.2715,Normal,98.5107,1.9564,0.0717,58.7593,-1.3023,50.4618,0.5703
2585.3734,1.9582,57.7534,0.0188,101261.4151,50.3255,Normal,100.2965,2.0095,-0.2698,58.4663,-0.3399,50.2405,0.054
2564.8322,1.7554,57.6717,0.0182,101273.0057,50.2676,Normal,89.401,1.988,-0.2028,58.2415,-0.0818,50.2125,-0.0579
2586.6836,2.0671,59.1712,0.0119,101368.9865,50.3376,Normal,88.0263,2.033,0.3116,58.4171,1.4995,50.1807,0.07
2594.8974,1.8329,58.6723,0.0148,101302.523,51.1521,Normal,97.965,1.9683,-0.2342,58.2724,-0.4988,50.4709,0.8145
2580.8005,1.9219,58.4451,0.0174,101291.2651,49.7527,Normal,101.9647,1.9071,0.089,58.3427,-0.2273,50.3671,-1.3994
2575.4117,2.0659,58.713,0.011,101214.7784,49.695,Normal,103.514,1.9286,0.1441,58.5346,0.2679,50.241,-0.0577
2588.3781,2.084,60.0585,0.0154,101244.5378,50.1826,Normal,88.3956,1.9943,0.018,59.012,1.3455,50.224,0.4876
2559.6138,2.047,58.3236,0.0168,101316.8019,49.4476,Normal,98.5678,1.9903,-0.037,58.8425,-1.7348,50.046,-0.735
2585.0647,1.8539,59.4156,0.019,101307.5537,50.2468,Normal,97.7913,1.9945,-0.1931,58.9911,1.092,49.8649,0.7992
2587.6518,2.1126,57.8613,0.0114,101227.4532,49.1542,Normal,98.6146,2.0327,0.2587,58.8744,-1.5543,49.7452,-1.0926
2602.3837,1.5547,57.5528,0.0132,101391.7644,50.904,Normal,95.2474,1.9304,-0.5579,58.6423,-0.3085,49.987,1.7498
2605.4291,1.9449,57.7764,0.0108,101286.0612,49.924,Normal,93.6272,1.9026,0.3902,58.1859,0.2236,49.9353,-0.98
2597.5174,1.7689,58.6267,0.0198,101350.4697,49.3047,Normal,84.812,1.847,-0.176,58.2465,0.8503,49.9067,-0.6193
2589.4773,2.1057,57.4628,0.0151,101428.6201,49.4992,Normal,102.6225,1.8974,0.3367,57.856,-1.1639,49.7572,0.1945
2546.7586,1.9076,58.0626,0.0196,101334.233,50.5076,Normal,96.691,1.8564,-0.1981,57.8963,0.5998,50.0279,1.0085
2571.322,1.8757,59.2438,0.0164,101294.4543,50.1617,Normal,95.5621,1.9206,-0.0319,58.2345,1.1812,49.8794,-0.3459
2621.9198,2.0648,58.4302,0.0152,101284.0722,50.1144,Normal,103.3063,1.9445,0.189,58.3652,-0.8137,49.9175,-0.0473
2584.6416,1.8397,59.8008,0.0129,101324.0697,51.0987,Normal,91.8592,1.9587,-0.2251,58.6,1.3707,50.2763,0.9843
2576.5687,1.8335,59.5072,0.0147,101326.3326,49.5918,Normal,101.9303,1.9042,-0.0062,59.0089,-0.2936,50.2949,-1.5068
2583.7053,2.0693,58.639,0.0187,101291.5201,50.3266,Normal,93.8295,1.9366,0.2358,59.1242,-0.8682,50.2587,0.7348
2619.1712,2.2516,58.2105,0.0162,101341.7551,49.8325,Normal,87.112,2.0117,0.1823,58.9175,-0.4285,50.1928,-0.4941
2564.9919,2.0622,58.9448,0.0163,101294.0594,50.3026,Normal,89.2905,2.0112,-0.1894,59.0205,0.7343,50.2305,0.4701
2562.1297,1.852,58.4312,0.0126,101245.3363,49.7405,Normal,91.0959,2.0137,-0.2102,58.7465,-0.5135,49.9588,-0.5621
2589.0749,1.8667,58.2933,0.0105,101297.7518,50.3658,Normal,96.5072,2.0203,0.0147,58.5038,-0.138,50.1136,0.6253
2589.7679,1.8568,57.768,0.0189,101279.0343,49.8733,Normal,88.6083,1.9779,-0.0098,58.3295,-0.5253,50.0229,-0.4925
2608.0149,1.9226,58.7556,0.0122,101385.9321,51.1209,Normal,93.935,1.9121,0.0658,58.4386,0.9876,50.2806,1.2476
2577.5141,2.3915,58.347,0.0112,101301.8563,49.4925,Normal,92.6194,1.9779,0.4688,58.319,-0.4086,50.1186,-1.6283
2562.923,1.8828,59.5962,0.0106,101201.8553,50.286,Normal,95.5109,1.9841,-0.5087,58.552,1.2492,50.2277,0.7935
2643.5379,1.9271,59.3518,0.0113,101290.2751,50.5792,Normal,96.2929,1.9962,0.0443,58.7637,-0.2444,50.2704,0.2932
2592.9223,2.2256,58.466,0.016,101241.8728,50.5822,Normal,97.1984,2.0699,0.2984,58.9033,-0.8858,50.4122,0.0031
2558.8324,1.9618,58.6922,0.0133,101332.1182,51.4865,Normal,87.8777,2.0777,-0.2638,58.8907,0.2262,50.4853,0.9042
2610.1071,1.9743,58.7898,0.0122,101296.7981,51.2159,Normal,90.8319,1.9943,0.0125,58.9792,0.0975,50.83,-0.2706
2573.8118,2.0633,57.5407,0.0132,101328.3558,50.4,Normal,97.8024,2.0304,0.089,58.5681,-1.2491,50.8528,-0.8159
2586.3003,1.9966,59.5258,0.0103,101290.5072,50.8962,Normal,88.667,2.0443,-0.0668,58.6029,1.9852,50.9162,0.4962
2564.7363,1.9603,58.7765,0.0107,101242.5701,49.6747,Normal,89.7176,1.9913,-0.0363,58.665,-0.7493,50.7347,-1.2215
2547.7706,2.1648,59.1761,0.0119,101291.1393,49.8058,Normal,91.4148,2.0319,0.2045,58.7618,0.3996,50.3985,0.1311
2552.7937,1.8178,57.9513,0.0156,101363.8045,50.0892,Normal,97.9762,2.0006,-0.347,58.5941,-1.2248,50.1732,0.2833
2611.0197,2.2774,58.437,0.0115,101237.7487,49.9661,Normal,87.7244,2.0434,0.4596,58.7734,0.4857,50.0864,-0.1231
2568.1836,2.1201,58.5451,0.015,101260.3312,49.9148,Normal,95.6849,2.0681,-0.1573,58.5772,0.1081,49.8901,-0.0513
2588.2016,1.8147,58.1685,0.017,101298.77,50.5807,Normal,92.0012,2.0389,-0.3054,58.4556,-0.3766,50.0713,0.6658
2558.411,2.2266,58.4313,0.0129,101373.8606,50.8133,Normal,101.6912,2.0513,0.4119,58.3067,0.2628,50.2728,0.2327
2552.4068,1.8735,58.6672,0.0187,101248.6352,50.1225,Normal,94.4907,2.0624,-0.3531,58.4498,0.2359,50.2795,-0.6908
2558.698,1.9075,58.705,0.0139,101246.577,50.6425,Normal,89.5065,1.9885,0.034,58.5034,0.0378,50.4148,0.52
2606.2855,2.0959,59.2687,0.0134,101428.4127,49.2092,Normal,91.5076,1.9836,0.1884,58.6482,0.5637,50.2736,-1.4333
2604.2109,2.0586,59.349,0.01,101308.1784,51.0806,Normal,102.9635,2.0324,-0.0373,58.8843,0.0803,50.3736,1.8714
2583.6497,1.77,59.2611,0.0187,101230.6476,49.3248,Normal,90.3524,1.9411,-0.2886,59.0502,-0.0879,50.0759,-1.7557
2548.6276,1.9801,58.5521,0.0138,101297.0438,49.4531,Normal,96.424,1.9624,0.2101,59.0272,-0.7089,49.942,0.1283
2602.5365,2.0017,58.9033,0.0172,101234.4526,51.4547,Normal,91.1988,1.9812,0.0215,59.0668,0.3511,50.1045,2.0016
2569.5205,2.0424,59.4433,0.0189,101310.1538,50.1341,Normal,95.744,1.9705,0.0407,59.1018,0.5401,50.2895,-1.3206
2596.9604,1.9848,58.8715,0.0152,101375.2201,50.4907,Normal,96.0009,1.9558,-0.0575,59.0063,-0.5718,50.1715,0.3566
2592.4917,2.3266,58.969,0.0174,101202.7477,50.6066,Normal,88.1742,2.0671,0.3417,58.9478,0.0974,50.4278,0.116
2602.4733,2.2222,59.4069,0.0113,101285.7625,50.6486,Normal,97.3559,2.1155,-0.1043,59.1188,0.438,50.6669,0.042
2572.0994,2.0194,59.0577,0.016,101284.645,50.4879,Normal,94.1591,2.1191,-0.2028,59.1497,-0.3492,50.4736,-0.1607
2580.8436,2.1316,59.132,0.0165,101299.0512,50.0591,Normal,98.1344,2.1369,0.1122,59.0874,0.0743,50.4586,-0.4288
2643.1025,2.0091,59.1024,0.0129,101301.2662,50.392,Normal,96.9675,2.1418,-0.1225,59.1336,-0.0296,50.4388,0.3329
2596.2407,2.0548,59.0715,0.0107,101234.9906,49.3784,Normal,94.6721,2.0874,0.0457,59.1541,-0.0309,50.1932,-1.0136
2563.0851,2.1569,58.804,0.0132,101366.4733,50.5048,Normal,84.0318,2.0744,0.102,59.0335,-0.2675,50.1644,1.1264
2570.2556,2.2905,59.7701,0.0107,101297.4933,50.682,Normal,93.7738,2.1286,0.1336,59.176,0.9661,50.2032,0.1772
2527.3466,1.843,59.3512,0.0128,101258.0235,50.2933,Normal,88.9671,2.0709,-0.4475,59.2198,-0.4188,50.2501,-0.3887
2572.2049,2.0789,58.8131,0.0129,101305.5923,50.2,Normal,104.6055,2.0848,0.2358,59.162,-0.5381,50.2117,-0.0933
2585.0662,1.833,58.8416,0.0181,101350.3358,49.9779,Normal,93.1116,2.0405,-0.2459,59.116,0.0284,50.3316,-0.2222
2627.3318,2.1778,59.1963,0.0113,101290.9603,50.3636,Normal,97.7998,2.0446,0.3448,59.1945,0.3547,50.3034,0.3857
2655.3319,2.492,59.9884,0.0167,101313.9661,50.0017,Normal,82.6674,2.0849,0.3142,59.2381,0.7921,50.1673,-0.3619
2619.9233,2.2195,58.7493,0.0121,101252.369,49.7444,Normal,90.6112,2.1602,-0.2725,59.1178,-1.2391,50.0575,-0.2573
2574.606,2.0185,60.0087,0.013,101339.9301,50.4317,Normal,96.8262,2.1481,-0.201,59.3569,1.2594,50.1039,0.6873
2561.0594,2.0858,58.4074,0.0167,101395.1097,50.1856,Normal,98.4928,2.1987,0.0673,59.27,-1.6014,50.1454,-0.2461
2571.7249,2.0025,59.2044,0.0165,101374.6227,49.9113,Normal,86.2886,2.1636,-0.0833,59.2716,0.797,50.0549,-0.2743
2553.0984,2.0033,58.0731,0.0102,101330.791,50.8874,Normal,79.9869,2.0659,0.0008,58.8886,-1.1313,50.2321,0.9761
2562.991,1.9746,59.9747,0.0155,101354.9313,50.4063,Normal,86.424,2.0169,-0.0287,59.1337,1.9016,50.3645,-0.4811
2556.6379,1.8535,59.5672,0.0132,101284.8784,49.6822,Normal,93.9959,1.9839,-0.1211,59.0454,-0.4075,50.2146,-0.7241
2587.5214,1.9241,58.9757,0.0163,101297.4396,50.4749,Normal,88.1227,1.9516,0.0706,59.159,-0.5915,50.2724,0.7926
2552.511,1.9277,58.9707,0.0154,101309.8006,50.1431,Normal,88.0312,1.9366,0.0036,59.1123,-0.0049,50.3188,-0.3318
2607.0242,1.9103,59.1307,0.0136,101252.3154,50.361,Normal,100.2042,1.918,-0.0174,59.3238,0.16,50.2135,0.2179
2607.6325,1.9601,59.2257,0.0101,101322.11,49.9066,Normal,90.7908,1.9151,0.0498,59.174,0.095,50.1135,-0.4544
2555.6698,1.9061,59.1562,0.0111,101285.3949,50.2927,Normal,86.6554,1.9256,-0.054,59.0918,-0.0695,50.2356,0.3861
2609.5623,1.9387,57.9417,0.0118,101404.185,50.1264,Normal,79.9946,1.9286,0.0327,58.885,-1.2145,50.1659,-0.1663
2573.0606,2.2919,58.5647,0.0126,101326.7199,49.4976,Normal,90.8407,2.0014,0.3532,58.8038,0.623,50.0368,-0.6288
2579.0704,1.8193,57.9129,0.0184,101351.4655,50.3844,Normal,88.9489,1.9832,-0.4726,58.5602,-0.6518,50.0415,0.8868
2593.2386,2.2483,58.909,0.0115,101298.5175,50.0936,Normal,93.6934,2.0409,0.429,58.4969,0.9961,50.0789,-0.2908
2580.4908,2.0712,58.5385,0.0101,101246.0032,50.1224,Normal,90.9687,2.0739,-0.1771,58.3734,-0.3705,50.0449,0.0288
2553.1571,1.9167,58.0945,0.0128,101321.8745,50.6943,Normal,81.2984,2.0695,-0.1545,58.4039,-0.444,50.1584,0.5719
2560.1586,1.674,58.6377,0.0137,101284.0511,50.2194,Normal,90.0985,1.9459,-0.2428,58.4185,0.5432,50.3028,-0.4748
2530.3268,2.0416,58.4609,0.0161,101309.4103,50.2799,Normal,93.0237,1.9904,0.3676,58.5281,-0.1769,50.2819,0.0605
2598.9225,2.0887,59.6145,0.0113,101287.4467,49.3861,Normal,83.297,1.9584,0.0471,58.6692,1.1537,50.1404,-0.8938
2577.3641,2.3335,59.0956,0.0142,101343.4035,50.3033,Normal,92.7774,2.0109,0.2448,58.7807,-0.5189,50.1766,0.9172
2566.4433,2.1335,58.7425,0.0197,101242.6978,50.0258,Normal,86.2921,2.0542,-0.2,58.9103,-0.3531,50.0429,-0.2775
2564.1575,1.8613,58.5884,0.0152,101376.5903,50.9132,Normal,87.7545,2.0917,-0.2723,58.9004,-0.1542,50.1816,0.8874
2549.0894,2.1161,59.1777,0.0153,101240.0802,49.5363,Normal,91.3021,2.1066,0.2548,59.0438,0.5893,50.0329,-1.3769
2606.4605,2.2569,59.3184,0.0144,101351.5588,50.0798,Normal,92.1388,2.1403,0.1409,58.9845,0.1408,50.1717,0.5435
2558.3811,2.0081,59.2351,0.0179,101288.4399,50.8984,Normal,93.6899,2.0752,-0.2489,59.0124,-0.0833,50.2907,0.8187
2532.8533,2.1036,60.0405,0.0122,101348.9499,50.2652,Normal,86.3652,2.0692,0.0955,59.272,0.8054,50.3386,-0.6332
2546.7235,2.1404,58.8899,0.0143,101306.6651,50.2083,Normal,88.1618,2.125,0.0369,59.3323,-1.1506,50.1976,-0.0569
2560.9838,2.0557,59.1115,0.0163,101280.5598,49.9346,Normal,91.596,2.1129,-0.0847,59.3191,0.2216,50.2772,-0.2737
2588.517,2.2631,58.9877,0.0123,101331.6448,50.2436,Normal,85.6919,2.1142,0.2074,59.2529,-0.1237,50.31,0.3091
2545.1677,1.9028,58.5685,0.0155,101329.8833,50.1203,Normal,81.3007,2.0931,-0.3603,59.1196,-0.4193,50.1544,-0.1233
2622.575,2.1767,60.354,0.0177,101320.531,51.3821,Normal,90.8131,2.1077,0.2738,59.1823,1.7856,50.3778,1.2618
2549.0546,1.9964,58.4567,0.0191,101321.629,50.2448,Normal,84.2345,2.0789,-0.1803,59.0957,-1.8973,50.3851,-1.1373
2544.9416,2.2464,59.997,0.0145,101360.5446,50.473,Normal,85.1209,2.1171,0.25,59.2728,1.5403,50.4928,0.2282
2539.6684,2.0627,59.017,0.0157,101301.0892,50.6818,Normal,93.5724,2.077,-0.1837,59.2786,-0.98,50.5804,0.2088
2599.6927,2.1416,59.2473,0.0133,101335.7622,50.1034,Normal,82.211,2.1248,0.079,59.4144,0.2304,50.577,-0.5784
2522.1864,1.8257,58.9678,0.0128,101312.9744,50.6987,Normal,85.8633,2.0546,-0.3159,59.1372,-0.2795,50.4403,0.5953
2561.8055,1.9929,58.8852,0.0103,101256.1158,49.6637,Normal,80.2864,2.0539,0.1673,59.2229,-0.0826,50.3241,-1.0349
2557.6068,1.989,58.0421,0.0139,101349.7887,50.5192,Normal,92.2209,2.0024,-0.004,58.8319,-0.8432,50.3333,0.8555
2559.7859,1.9504,60.5866,0.011,101240.6276,50.4826,Normal,92.1864,1.9799,-0.0386,59.1458,2.5445,50.2935,-0.0365
2560.6264,1.8727,60.0993,0.0173,101393.1551,50.4863,Normal,81.426,1.9261,-0.0777,59.3162,-0.4872,50.3701,0.0036
2557.1567,1.8156,60.2405,0.0174,101311.1298,60.2037,Bearing Wear,69.1152,1.9241,-0.0571,59.5707,0.1412,52.2711,9.7175
2547.1611,2.1471,60.094,0.01,101295.1191,60.2782,Bearing Wear,71.4458,1.955,0.3315,59.8125,-0.1464,54.394,0.0745
2574.3823,2.2016,61.1003,0.0175,101231.229,59.866,Bearing Wear,67.4574,1.9975,0.0545,60.4241,1.0063,56.2634,-0.4121
2578.6255,2.1165,60.4895,0.0156,101201.1997,60.3199,Bearing Wear,77.7257,2.0307,-0.0851,60.4047,-0.6108,58.2308,0.4538
2573.6822,2.182,63.6691,0.0135,101261.5511,59.7715,Bearing Wear,72.36,2.0926,0.0655,61.1187,3.1795,60.0879,-0.5483
2550.2834,2.2657,63.1858,0.0136,101343.3384,60.8776,Bearing Wear,70.5754,2.1826,0.0837,61.7078,-0.4833,60.2226,1.1061
2564.3758,2.1684,63.6532,0.0161,101447.8838,59.8362,Bearing Wear,69.8096,2.1868,-0.0972,62.4196,0.4674,60.1342,-1.0414
2575.8287,2.2921,63.7684,0.0186,101273.7606,60.1796,Bearing Wear,75.5621,2.2049,0.1236,62.9532,0.1152,60.1969,0.3435
2601.1256,2.2742,64.6361,0.0178,101336.325,60.4386,Bearing Wear,65.9292,2.2365,-0.0178,63.7825,0.8677,60.2207,0.259
2639.7976,2.4094,65.0035,0.0125,101296.7871,60.8625,Bearing Wear,66.4932,2.282,0.1352,64.0494,0.3674,60.4389,0.4239
2595.0126,2.394,65.4685,0.0194,101267.16,60.4765,Bearing Wear,54.4916,2.3076,-0.0154,64.506,0.465,60.3587,-0.386
2549.8509,2.4232,66.6429,0.0134,101353.8134,60.3955,Bearing Wear,66.7741,2.3586,0.0292,65.1039,1.1744,60.4705,-0.081
2572.2915,2.4215,67.5433,0.0175,101324.0003,60.971,Bearing Wear,68.5754,2.3845,-0.0017,65.8589,0.9004,60.6288,0.5756
2573.5484,2.4515,66.5862,0.0165,101218.0898,60.348,Bearing Wear,65.2222,2.4199,0.0299,66.2489,-0.9571,60.6107,-0.623
2615.081,2.278,68.2662,0.0125,101320.4891,59.8514,Bearing Wear,58.2883,2.3936,-0.1735,66.9014,1.68,60.4085,-0.4966
2592.1846,2.5121,68.3289,0.0135,101252.9518,61.1476,Bearing Wear,63.1544,2.4173,0.2342,67.4735,0.0627,60.5427,1.2962
2575.6714,2.9395,69.0004,0.0114,101360.926,60.1335,Bearing Wear,55.7138,2.5205,0.4274,67.945,0.6715,60.4903,-1.0141
2573.8729,2.6498,69.083,0.0188,101281.9745,61.2898,Bearing Wear,66.8712,2.5662,-0.2897,68.2529,0.0827,60.5541,1.1562
2612.4002,2.8546,71.3637,0.0134,101223.2328,60.1709,Bearing Wear,58.4131,2.6468,0.2048,69.2084,2.2807,60.5186,-1.1189
2562.285,2.5688,72.1578,0.0124,101321.3698,59.7007,Bearing Wear,49.6111,2.705,-0.2858,69.9868,0.7941,60.4885,-0.4702
2588.0564,2.5979,71.7227,0.0178,101213.337,61.4443,Bearing Wear,60.3055,2.7221,0.029,70.6655,-0.4351,60.5478,1.7436
2605.1641,2.7767,72.5705,0.0131,101332.1679,60.4832,Bearing Wear,59.8597,2.6896,0.1789,71.3795,0.8477,60.6178,-0.9611
2588.2103,2.8058,73.6549,0.0151,101289.4069,60.3561,Bearing Wear,46.6711,2.7208,0.0291,72.2939,1.0844,60.431,-0.1271
2632.4338,2.8278,73.9005,0.0163,101275.3493,60.826,Bearing Wear,52.7029,2.7154,0.022,72.8013,0.2456,60.5621,0.4699
2551.5054,3.023,74.2039,0.0157,101342.5003,60.4134,Bearing Wear,45.9214,2.8062,0.1951,73.2105,0.3034,60.7046,-0.4126
2560.3873,3.0818,74.6798,0.0141,101292.0943,60.8961,Bearing Wear,43.0575,2.903,0.0588,73.8019,0.476,60.595,0.4827
2560.5983,2.8356,75.8683,0.0118,101149.3583,61.4577,Bearing Wear,45.8937,2.9148,-0.2461,74.4615,1.1885,60.7899,0.5616
2577.3902,2.9596,75.5007,0.0187,101210.6257,61.7233,Bearing Wear,46.7806,2.9456,0.1239,74.8306,-0.3676,61.0633,0.2656
2571.1606,2.9721,76.9787,0.0144,101232.0353,61.5664,Bearing Wear,48.0596,2.9744,0.0125,75.4463,1.4779,61.2114,-0.1569
2554.3177,3.388,77.966,0.013,101299.2644,61.2768,Bearing Wear,42.4897,3.0474,0.4159,76.1987,0.9873,61.3841,-0.2896
2531.9768,3.1814,77.2457,0.0114,101381.593,61.3163,Bearing Wear,47.4183,3.0673,-0.2065,76.7119,-0.7203,61.4681,0.0395
2581.9809,3.1771,78.0769,0.0162,101368.4214,62.0448,Bearing Wear,36.1012,3.1356,-0.0043,77.1536,0.8311,61.5855,0.7285
2638.9206,3.0467,78.8345,0.0109,101212.5254,61.9893,Bearing Wear,36.031,3.1531,-0.1304,77.8203,0.7577,61.6387,-0.0555
2564.7442,3.0242,79.3721,0.0172,101246.7233,61.107,Bearing Wear,35.5583,3.1635,-0.0224,78.299,0.5376,61.5468,-0.8822
2594.4095,3.6046,80.5262,0.0178,101285.4903,61.4021,Bearing Wear,40.4391,3.2068,0.5803,78.8111,1.1541,61.5719,0.2951
2571.1371,3.0116,80.7683,0.0183,101354.9102,61.7072,Bearing Wear,33.7913,3.1728,-0.593,79.5156,0.2421,61.6501,0.3051
2642.5454,3.2517,81.9603,0.0158,101245.8708,61.9517,Bearing Wear,33.5641,3.1878,0.2402,80.2923,1.192,61.6315,0.2445
2567.1425,3.1079,83.0078,0.017,101301.6889,61.683,Bearing Wear,32.5086,3.2,-0.1438,81.127,1.0475,61.5702,-0.2687
2582.5451,3.3401,81.787,0.0143,101266.7374,62.1261,Bearing Wear,38.3518,3.2632,0.2322,81.6099,-1.2209,61.774,0.443
2570.9435,3.3828,83.9007,0.0185,101316.1897,61.0398,Bearing Wear,27.3987,3.2188,0.0427,82.2848,2.1137,61.7016,-1.0863
2587.2821,3.5994,84.0445,0.0178,101326.1806,62.4671,Bearing Wear,39.2537,3.3364,0.2166,82.9401,0.1438,61.8536,1.4274
2569.8914,3.3954,83.6116,0.0119,101223.7555,61.507,Bearing Wear,23.2508,3.3651,-0.204,83.2703,-0.4329,61.7646,-0.9601
2573.582,3.5289,84.595,0.0137,101296.9978,61.8412,Bearing Wear,35.1663,3.4493,0.1335,83.5877,0.9834,61.7962,0.3341
2576.7176,3.7821,84.8479,0.0151,101267.436,61.8567,Bearing Wear,30.8834,3.5377,0.2532,84.1999,0.2529,61.7424,0.0155
2601.4292,3.4755,85.6573,0.0107,101319.0257,62.0045,Bearing Wear,22.1227,3.5562,-0.3066,84.5513,0.8095,61.9353,0.1478
2585.4534,3.4098,86.2381,0.0176,101246.2817,61.8822,Bearing Wear,32.1069,3.5183,-0.0656,84.99,0.5808,61.8183,-0.1223
2568.0211,3.1921,88.0023,0.016,101371.5648,61.7554,Bearing Wear,20.5931,3.4777,-0.2177,85.8681,1.7642,61.868,-0.1268
2573.315,3.5408,88.6137,0.0117,101305.6545,61.7101,Bearing Wear,27.7505,3.4801,0.3487,86.6719,0.6114,61.8418,-0.0453
2597.8834,3.5594,89.3385,0.019,101292.0228,61.9762,Bearing Wear,18.871,3.4355,0.0186,87.57,0.7248,61.8657,0.2661
2530.5997,3.5926,89.9966,0.0182,101310.6902,61.7865,Bearing Wear,17.1244,3.459,0.0332,88.4378,0.6582,61.8221,-0.1898
2608.6988,3.391,89.5313,0.0192,101326.7264,62.1429,Bearing Wear,26.9718,3.4552,-0.2017,89.0965,-0.4653,61.8742,0.3564
2579.2457,3.2417,89.4584,0.0172,101354.0252,61.2686,Bearing Wear,26.2234,3.4651,-0.1492,89.3877,-0.0729,61.7769,-0.8743
2586.3746,3.7112,90.7359,0.0179,101363.2792,61.3125,Bearing Wear,13.4193,3.4992,0.4695,89.8122,1.2775,61.6973,0.0439
2611.347,3.7147,89.7341,0.0188,101314.4813,61.5812,Bearing Wear,12.2335,3.5303,0.0035,89.8913,-1.0018,61.6183,0.2687
2614.2466,3.7716,89.1817,0.0106,101278.3305,61.6837,Bearing Wear,9.593,3.566,0.0569,89.7283,-0.5523,61.5978,0.1024
2587.0528,3.6909,90.0883,0.0145,101343.6361,63.1917,Bearing Wear,19.617,3.626,-0.0807,89.8397,0.9066,61.8075,1.508
2563.7057,3.9229,89.1878,0.0143,101291.9158,62.368,Bearing Wear,10.251,3.7623,0.2321,89.7855,-0.9005,62.0274,-0.8237
2566.4024,3.7036,88.9695,0.02,101276.5308,62.2537,Bearing Wear,9.5506,3.7608,-0.2193,89.4323,-0.2183,62.2156,-0.1143
2604.299,3.8076,90.4192,0.0194,101290.6144,62.0002,Bearing Wear,3.9094,3.7793,0.1039,89.5693,1.4496,62.2994,-0.2534
2609.2985,3.9173,90.2549,0.019,101331.102,62.1695,Bearing Wear,13.76,3.8085,0.1098,89.7839,-0.1643,62.3966,0.1693
2607.9788,3.697,90.7759,0.0109,101383.2626,62.3788,Bearing Wear,7.8296,3.8097,-0.2203,89.9214,0.521,62.234,0.2093
2615.1515,3.6876,89.5124,0.0149,101342.0968,61.7747,Bearing Wear,6.5814,3.7626,-0.0094,89.9864,-1.2634,62.1154,-0.6042
2622.0506,3.6939,89.0075,0.0164,101304.3458,62.0855,Bearing Wear,8.1821,3.7607,0.0063,89.994,-0.5049,62.0817,0.3109
2604.9886,3.6309,88.9614,0.0178,101269.4131,61.8139,Bearing Wear,5.6567,3.7253,-0.063,89.7024,-0.0461,62.0445,-0.2717
2525.6989,3.6425,89.5678,0.0118,101238.3055,61.2947,Bearing Wear,1.0,3.6704,0.0116,89.565,0.6064,61.8695,-0.5191
2606.7112,3.7871,88.402,0.0129,101341.4372,61.7237,Bearing Wear,1.0,3.6884,0.1446,89.0902,-1.1658,61.7385,0.429
2575.1429,3.9494,89.2547,0.0147,101336.798,61.4304,Bearing Wear,1.0,3.7407,0.1623,89.0387,0.8527,61.6697,-0.2933
2603.0872,3.8877,90.3342,0.0132,101271.2171,62.7056,Bearing Wear,14.7532,3.7795,-0.0616,89.304,1.0795,61.7937,1.2752
2553.9576,3.7267,90.1956,0.0183,101285.6839,62.2648,Bearing Wear,10.1843,3.7987,-0.161,89.5509,-0.1385,61.8839,-0.4408
2563.9851,3.6639,88.4482,0.0193,101294.0782,62.2368,Bearing Wear,8.3812,3.803,-0.0628,89.3269,-1.7475,62.0723,-0.028
2543.9963,3.7036,89.0976,0.0191,101226.3324,61.9147,Bearing Wear,13.0907,3.7863,0.0396,89.4661,0.6494,62.1105,-0.3221
2599.8766,3.8861,89.6578,0.0154,101326.2001,62.8163,Bearing Wear,8.3935,3.7736,0.1826,89.5467,0.5602,62.3876,0.9017
2545.9377,3.7024,89.5928,0.0108,101346.625,61.0249,Bearing Wear,10.6288,3.7366,-0.1837,89.3984,-0.065,62.0515,-1.7915
2543.2715,3.6443,89.9221,0.0173,101389.8277,61.1488,Bearing Wear,5.3677,3.7201,-0.0581,89.3437,0.3293,61.8283,0.1239
2512.5977,3.6438,89.7114,0.0191,101326.7609,61.024,Bearing Wear,3.8616,3.716,-0.0005,89.5963,-0.2107,61.5857,-0.1248
2576.4024,3.7039,88.9707,0.0183,101272.9141,61.5338,Bearing Wear,11.1934,3.7161,0.0601,89.571,-0.7408,61.5095,0.5098
2612.4353,3.7504,89.3956,0.0156,101215.2297,62.2142,Bearing Wear,4.3069,3.689,0.0465,89.5185,0.425,61.3891,0.6804
2616.9892,3.6783,89.6563,0.011,101254.5283,62.515,Bearing Wear,3.8003,3.6841,-0.0721,89.5312,0.2607,61.6871,0.3008
2570.7042,3.6547,89.8076,0.0169,101276.5136,62.1833,Bearing Wear,9.3016,3.6862,-0.0235,89.5083,0.1512,61.8941,-0.3316
2576.8462,3.7405,89.7703,0.0125,101190.5181,61.7518,Bearing Wear,3.7358,3.7056,0.0857,89.5201,-0.0373,62.0396,-0.4315
2564.17,3.6484,89.4637,0.0103,101266.694,61.8759,Bearing Wear,10.0377,3.6945,-0.092,89.6187,-0.3066,62.108,0.124
2600.3747,3.6719,89.3097,0.013,101334.6108,62.383,Bearing Wear,13.0115,3.6788,0.0235,89.6015,-0.154,62.1418,0.5072
2589.6663,3.529,89.0084,0.0169,101339.8537,62.0229,Bearing Wear,1.0,3.6489,-0.1429,89.4719,-0.3013,62.0434,-0.3602
2602.8136,3.6597,90.0867,0.0102,101230.2171,61.5041,Bearing Wear,6.2695,3.6499,0.1307,89.5278,1.0783,61.9075,-0.5188
2565.0612,3.4901,88.5698,0.012,101347.8879,61.6599,Bearing Wear,7.0494,3.5998,-0.1696,89.2877,-1.517,61.8891,0.1558
2581.4718,3.6347,90.2029,0.0178,101319.445,61.7533,Bearing Wear,7.988,3.5971,0.1446,89.4355,1.6332,61.8646,0.0934
2554.225,3.652,89.2004,0.0175,101345.7402,62.6802,Bearing Wear,1.0,3.5931,0.0173,89.4137,-1.0025,61.9241,0.9269
2606.2312,3.4983,89.8732,0.0192,101307.9641,62.1072,Bearing Wear,3.1397,3.587,-0.1537,89.5866,0.6728,61.9409,-0.573
2574.4503,3.603,88.6774,0.0158,101258.7545,62.1071,Bearing Wear,1.3769,3.5756,0.1047,89.3047,-1.1958,62.0615,-0.0001
2537.7318,3.8619,90.1153,0.015,101259.765,61.9114,Bearing Wear,3.9318,3.65,0.259,89.6139,1.4379,62.1118,-0.1957
2604.8237,3.7147,90.7399,0.0125,101265.7379,61.7445,Bearing Wear,1.0,3.666,-0.1473,89.7213,0.6246,62.1101,-0.1669
2651.6075,3.8732,89.6013,0.0142,101241.6429,60.8429,Bearing Wear,4.4419,3.7102,0.1586,89.8014,-1.1386,61.7426,-0.9016
2570.4292,3.6696,90.1134,0.018,101290.1553,61.7989,Bearing Wear,4.7704,3.7445,-0.2037,89.8495,0.5121,61.681,0.956
2559.2708,3.7913,89.6336,0.0184,101305.7321,61.3354,Bearing Wear,4.1824,3.7822,0.1217,90.0407,-0.4798,61.5266,-0.4636
2582.6993,3.6089,89.3611,0.0119,101359.0924,62.2482,Bearing Wear,5.8292,3.7315,-0.1824,89.8899,-0.2725,61.594,0.9128
2633.7529,3.7922,88.8902,0.0183,101206.3991,62.0868,Bearing Wear,9.8285,3.747,0.1832,89.5199,-0.4709,61.6625,-0.1614
2592.4885,3.8379,89.0562,0.0144,101258.198,61.6181,Bearing Wear,1.0,3.74,0.0458,89.4109,0.166,61.8175,-0.4688
2577.7748,3.7646,90.5281,0.0139,101309.1002,61.7487,Bearing Wear,1.6227,3.759,-0.0733,89.4938,1.4719,61.8074,0.1306
2564.0116,3.3179,89.8716,0.0166,101267.0,61.3341,Bearing Wear,2.4637,3.6643,-0.4467,89.5414,-0.6565,61.8072,-0.4145
2577.0537,3.7116,89.3346,0.0147,101426.6139,61.0174,Bearing Wear,1.6724,3.6848,0.3937,89.5361,-0.5369,61.561,-0.3168
2558.9127,3.6389,89.6011,0.0118,101310.7022,62.1729,Bearing Wear,10.0327,3.6542,-0.0727,89.6783,0.2664,61.5782,1.1556
2585.7736,3.4866,90.3165,0.0165,101325.6825,60.9243,Bearing Wear,7.3567,3.5839,-0.1523,89.9304,0.7155,61.4395,-1.2487
2605.184,3.6708,89.0716,0.0172,101320.0168,61.4246,Bearing Wear,1.8088,3.5652,0.1843,89.6391,-1.2449,61.3747,0.5003
2588.6778,3.5604,89.4053,0.0154,101424.6167,61.8634,Bearing Wear,1.9827,3.6137,-0.1105,89.5458,0.3337,61.4805,0.4388
2596.1968,3.8089,89.6497,0.0194,101319.8259,62.1144,Bearing Wear,4.0638,3.6331,0.2485,89.6088,0.2444,61.6999,0.251
2568.8283,3.8114,90.87,0.0157,101276.443,61.3996,Bearing Wear,11.6059,3.6676,0.0025,89.8626,1.2203,61.5453,-0.7148
2623.0243,3.9397,89.7499,0.0169,101259.9038,62.1094,Bearing Wear,5.7154,3.7582,0.1283,89.7493,-1.1201,61.7823,0.7098
2598.4069,3.7767,90.3442,0.0102,101279.4233,61.7774,Bearing Wear,2.6178,3.7794,-0.1629,90.0038,0.5944,61.8529,-0.332
2566.3228,3.6929,89.8822,0.0104,101254.0111,62.6943,Bearing Wear,8.5469,3.8059,-0.0838,90.0992,-0.4621,62.019,0.9169
2546.2332,3.5501,90.0359,0.0138,101367.1005,62.2998,Bearing Wear,2.8457,3.7542,-0.1428,90.1764,0.1538,62.0561,-0.3945
2588.7629,3.6533,89.6377,0.019,101417.9904,62.0333,Bearing Wear,4.0357,3.7226,0.1032,89.93,-0.3983,62.1828,-0.2665
2607.048,3.7259,90.4425,0.0121,101288.0369,62.3984,Bearing Wear,4.646,3.6798,0.0726,90.0685,0.8049,62.2406,0.3651
2619.306,3.7513,89.2655,0.0155,101317.195,61.6403,Bearing Wear,2.4453,3.6747,0.0254,89.8528,-1.177,62.2132,-0.7581
2600.7218,3.6851,89.3802,0.0173,101402.8825,62.2306,Bearing Wear,8.4871,3.6732,-0.0662,89.7524,0.1147,62.1205,0.5903
2615.8024,3.6725,89.5398,0.0183,101325.3374,62.1956,Bearing Wear,1.4389,3.6976,-0.0126,89.6531,0.1596,62.0997,-0.0349
2597.6902,3.8175,90.2578,0.0105,101235.245,61.8043,Bearing Wear,7.3483,3.7305,0.1449,89.7772,0.7181,62.0538,-0.3914
2562.9977,3.778,89.9031,0.0181,101326.6899,62.1111,Bearing Wear,7.2009,3.7409,-0.0395,89.6693,-0.3548,61.9964,0.3068
2551.338,3.7363,89.6978,0.0168,101311.3008,62.3825,Bearing Wear,8.0638,3.7379,-0.0417,89.7558,-0.2053,62.1448,0.2714
2525.8834,3.9061,89.5788,0.0129,101225.3525,61.7526,Bearing Wear,2.4872,3.7821,0.1698,89.7955,-0.1191,62.0492,-0.6299
2565.7836,3.7787,89.9516,0.0154,101372.2069,62.2047,Bearing Wear,6.2417,3.8033,-0.1274,89.8778,0.3728,62.051,0.452
2536.1113,4.1062,89.2241,0.0142,101259.3129,61.5054,Bearing Wear,16.6016,3.8611,0.3275,89.6711,-0.7275,61.9912,-0.6993
2563.9951,3.8099,89.6889,0.018,101233.3336,62.0481,Bearing Wear,13.5006,3.8675,-0.2962,89.6282,0.4648,61.9786,0.5427
2559.274,3.6641,89.4393,0.0117,101335.7509,61.7943,Bearing Wear,1.0,3.853,-0.1458,89.5765,-0.2496,61.861,-0.2538
2594.5675,3.3274,90.7248,0.0194,101254.2115,61.6041,Bearing Wear,1.0,3.7373,-0.3367,89.8057,1.2855,61.8313,-0.1901
2566.7971,3.8227,90.7041,0.0149,101259.1246,61.6195,Bearing Wear,8.5661,3.7461,0.4953,89.9563,-0.0207,61.7143,0.0153
2612.375,3.4987,90.0482,0.0123,101282.0599,62.3317,Bearing Wear,1.7336,3.6246,-0.3239,90.1211,-0.6559,61.8795,0.7123
2558.7392,3.6476,90.6207,0.0165,101279.9171,62.1421,Bearing Wear,1.0,3.5921,0.1488,90.3074,0.5725,61.8983,-0.1896
2572.6567,3.6156,90.3887,0.0123,101431.1627,61.3204,Bearing Wear,5.9957,3.5824,-0.032,90.4973,-0.232,61.8036,-0.8217
2585.2661,3.733,89.8556,0.0154,101308.6593,62.0692,Bearing Wear,1.0,3.6635,0.1173,90.3235,-0.5331,61.8966,0.7488
2558.4414,3.6546,88.6773,0.0129,101374.4206,62.0663,Bearing Wear,7.7329,3.6299,-0.0784,89.9181,-1.1784,61.9859,-0.0028
2589.6621,3.6419,89.5976,0.0104,101363.8464,62.403,Bearing Wear,6.6343,3.6585,-0.0127,89.828,0.9203,62.0002,0.3367
2589.175,3.734,90.7873,0.0175,101278.363,61.6181,Bearing Wear,10.1172,3.6758,0.0921,89.8613,1.1898,61.8954,-0.7849
2575.9781,3.9617,90.1157,0.0171,101333.9739,62.3675,Bearing Wear,1.83,3.745,0.2277,89.8067,-0.6716,62.1048,0.7494
2565.0728,3.7192,89.9329,0.0127,101325.8303,61.3809,Bearing Wear,4.2141,3.7423,-0.2425,89.8222,-0.1829,61.9672,-0.9866
2523.6908,3.653,90.2555,0.0162,101283.0135,62.0687,Bearing Wear,3.5536,3.742,-0.0662,90.1378,0.3226,61.9676,0.6879
2552.2063,3.5163,89.4232,0.011,101243.8294,61.6839,Bearing Wear,1.9913,3.7169,-0.1367,90.1029,-0.8323,61.8238,-0.3848
2581.6027,3.6584,90.3176,0.0149,101173.0579,62.6974,Bearing Wear,1.0,3.7017,0.1421,90.009,0.8944,62.0397,1.0135
2571.9382,3.5196,89.5913,0.0141,101297.4242,61.3509,Bearing Wear,8.2732,3.6133,-0.1388,89.9041,-0.7263,61.8364,-1.3465
2608.3191,3.4325,91.0926,0.0106,101329.548,62.0871,Bearing Wear,7.7713,3.556,-0.0871,90.136,1.5013,61.9776,0.7363
2562.4262,3.7015,90.2878,0.0194,101317.0892,62.1188,Bearing Wear,8.677,3.5657,0.2689,90.1425,-0.8049,61.9876,0.0317
2595.9312,3.8749,90.3625,0.0121,101364.7803,61.5933,Bearing Wear,1.0,3.6374,0.1734,90.3304,0.0747,61.9695,-0.5255
2526.2575,3.7401,89.8572,0.0166,101371.7267,61.8639,Bearing Wear,1.7787,3.6537,-0.1348,90.2383,-0.5053,61.8028,0.2705
2601.0555,4.0744,90.7513,0.0139,101371.6247,62.1444,Bearing Wear,5.2389,3.7647,0.3343,90.4703,0.8941,61.9615,0.2805
2582.1541,3.6414,91.1301,0.012,101358.2064,61.6919,Bearing Wear,5.0805,3.8064,-0.433,90.4778,0.3787,61.8825,-0.4525
2614.9001,3.669,90.3826,0.0157,101309.073,62.0966,Bearing Wear,2.0681,3.7999,0.0276,90.4967,-0.7475,61.878,0.4047
2614.0803,3.8909,90.1989,0.0101,101284.3637,62.5237,Bearing Wear,7.742,3.8031,0.2219,90.464,-0.1837,62.0641,0.4271
2586.1681,3.7656,90.2784,0.0106,101298.3955,61.9995,Bearing Wear,9.4164,3.8083,-0.1252,90.5482,0.0795,62.0912,-0.5242
2589.4963,3.5361,90.358,0.014,101416.5942,62.5623,Bearing Wear,1.0,3.7006,-0.2295,90.4696,0.0796,62.1748,0.5628
2584.8901,3.6166,90.1332,0.0183,101313.0585,61.6207,Bearing Wear,3.2454,3.6956,0.0805,90.2702,-0.2248,62.1606,-0.9416
2562.6521,3.6317,90.1458,0.0197,101310.0797,61.3488,Bearing Wear,5.1735,3.6882,0.0151,90.2229,0.0127,62.011,-0.2719
2588.3382,3.2779,89.658,0.0134,101310.5572,60.8967,Bearing Wear,6.5172,3.5656,-0.3538,90.1147,-0.4879,61.6856,-0.4521
2570.5313,3.6207,90.3477,0.017,101265.8027,62.5478,Bearing Wear,3.9404,3.5366,0.3428,90.1285,0.6897,61.7953,1.6512
2588.3714,3.7912,89.8736,0.0181,101336.2975,61.4941,Bearing Wear,9.3377,3.5876,0.1705,90.0316,-0.4741,61.5816,-1.0538
2587.0415,3.6361,89.6596,0.0194,101285.5148,62.0471,Bearing Wear,4.4586,3.5915,-0.1551,89.9369,-0.2139,61.6669,0.5531
2591.498,3.8776,89.7553,0.0145,101355.2234,62.1773,Bearing Wear,9.1128,3.6407,0.2415,89.8588,0.0957,61.8326,0.1302
2558.354,3.8582,88.8873,0.0167,101316.5818,61.4146,Bearing Wear,3.6193,3.7568,-0.0195,89.7047,-0.868,61.9362,-0.7627
2572.9654,3.7705,90.6638,0.0141,101315.2213,61.8285,Bearing Wear,5.2735,3.7867,-0.0877,89.7679,1.7765,61.7923,0.4139
2637.5756,3.754,90.0614,0.0165,101318.8719,62.4706,Bearing Wear,1.0,3.7793,-0.0165,89.8055,-0.6024,61.9876,0.642
2556.5951,3.7698,90.2396,0.0172,101275.813,62.4927,Bearing Wear,10.7685,3.806,0.0158,89.9215,0.1782,62.0767,0.0222
2608.0421,3.9779,90.6662,0.0134,101309.6342,61.2687,Bearing Wear,8.1388,3.8261,0.2081,90.1037,0.4266,61.895,-1.224
2568.0292,3.6549,90.2707,0.0192,101344.9501,61.9914,Bearing Wear,11.0758,3.7854,-0.323,90.3803,-0.3955,62.0104,0.7227
2609.2475,3.5014,89.6551,0.0115,101327.0949,62.1537,Bearing Wear,5.5676,3.7316,-0.1535,90.1786,-0.6155,62.0754,0.1623
2579.0195,3.6061,91.1746,0.0143,101313.1052,62.0159,Bearing Wear,4.0312,3.702,0.1047,90.4013,1.5195,61.9845,-0.1379
2620.6984,3.849,89.5746,0.0166,101322.1796,61.2054,Bearing Wear,8.6968,3.7179,0.2429,90.2683,-1.6,61.727,-0.8104
2585.9952,3.7781,90.3622,0.0171,101289.4168,62.4913,Bearing Wear,6.4745,3.6779,-0.071,90.2074,0.7876,61.9715,1.2859
2600.0356,3.7631,90.8954,0.0162,101252.8011,61.4237,Bearing Wear,14.071,3.6995,-0.015,90.3324,0.5332,61.858,-1.0676
2569.3172,3.649,90.2975,0.0121,101258.3158,61.3204,Bearing Wear,2.2867,3.729,-0.1141,90.4609,-0.5979,61.6913,-0.1034
2585.4489,3.8206,89.9692,0.0126,101321.378,60.7523,Bearing Wear,3.8251,3.7719,0.1716,90.2198,-0.3283,61.4386,-0.568
2556.8707,3.7904,91.1872,0.0179,101263.782,61.9871,Bearing Wear,6.7398,3.7602,-0.0302,90.5423,1.218,61.595,1.2348
2569.8029,3.7945,90.2039,0.0176,101327.8746,62.6879,Bearing Wear,8.335,3.7635,0.0041,90.5106,-0.9833,61.6343,0.7008
2627.9153,3.8946,90.2438,0.0175,101364.7858,61.4809,Bearing Wear,6.1093,3.7898,0.1001,90.3803,0.0399,61.6457,-1.207
2582.6043,3.6275,90.2463,0.016,101245.8485,61.7245,Bearing Wear,6.964,3.7855,-0.2671,90.3701,0.0024,61.7266,0.2436
2567.3932,3.7729,90.2618,0.0142,101301.7215,62.0879,Bearing Wear,3.0681,3.776,0.1454,90.4286,0.0155,61.9937,0.3634
2581.8954,3.6551,91.3434,0.0112,101327.6594,61.5792,Bearing Wear,4.0993,3.7489,-0.1178,90.4598,1.0816,61.9121,-0.5087
2570.6503,3.4848,89.7214,0.0182,101261.0841,62.7402,Bearing Wear,18.4299,3.687,-0.1703,90.3633,-1.6221,61.9226,1.161
2560.4548,3.6514,89.8335,0.0115,101212.6528,62.2711,Bearing Wear,4.7177,3.6384,0.1666,90.2813,0.1121,62.0806,-0.4691
2547.9281,3.7634,90.5377,0.017,101343.4641,62.135,Bearing Wear,8.5833,3.6655,0.1119,90.3396,0.7042,62.1627,-0.1361
2552.8403,3.697,90.866,0.0119,101292.4115,62.8712,Bearing Wear,3.2241,3.6504,-0.0664,90.4604,0.3283,62.3194,0.7362
2530.6232,3.8784,90.338,0.0161,101307.0832,62.5477,Bearing Wear,10.239,3.695,0.1814,90.2593,-0.528,62.5131,-0.3235
2563.1753,3.6313,90.2541,0.0109,101244.7259,62.1288,Bearing Wear,10.3177,3.7243,-0.2471,90.3658,-0.0838,62.3908,-0.4189
2574.4199,3.5917,89.6598,0.0151,101265.4048,62.0989,Bearing Wear,2.2458,3.7124,-0.0397,90.3311,-0.5943,62.3563,-0.0298
2553.1444,3.8364,91.6073,0.0195,101338.7231,62.1778,Bearing Wear,7.0072,3.727,0.2447,90.545,1.9475,62.3649,0.0788
2589.308,3.8879,90.7538,0.0157,101240.7343,62.4436,Bearing Wear,2.7138,3.7651,0.0516,90.5226,-0.8535,62.2794,0.2658
2610.9759,3.633,90.7583,0.0183,101351.4125,62.2276,Bearing Wear,9.978,3.7161,-0.2549,90.6067,0.0046,62.2153,-0.216
2565.9018,3.5738,91.2118,0.0169,101286.8001,61.7354,Bearing Wear,3.8702,3.7045,-0.0592,90.7982,0.4535,62.1367,-0.4923
2568.5756,3.7098,91.0086,0.0171,101285.2561,61.1728,Bearing Wear,6.0759,3.7282,0.136,91.068,-0.2033,61.9514,-0.5626
2564.8383,3.7657,90.2121,0.0151,101322.8772,61.9867,Bearing Wear,1.0,3.7141,0.0559,90.7889,-0.7965,61.9132,0.8139
2598.6441,3.7655,90.7142,0.0197,101340.1103,63.0185,Bearing Wear,8.6689,3.6896,-0.0002,90.781,0.5021,62.0282,1.0318
2557.9206,3.5558,90.2461,0.0126,101377.3492,61.7586,Bearing Wear,7.1917,3.6741,-0.2097,90.6786,-0.4681,61.9344,-1.2599
2582.5075,3.484,91.3631,0.0135,101279.9026,61.8983,Bearing Wear,3.6829,3.6562,-0.0718,90.7088,1.117,61.967,0.1397
2570.4347,3.8078,89.9673,0.0145,101202.666,62.3406,Bearing Wear,5.4911,3.6758,0.3238,90.5006,-1.3958,62.2005,0.4423
2526.8114,3.6466,91.3797,0.0132,101385.5256,61.8511,Bearing Wear,2.8952,3.6519,-0.1612,90.7341,1.4124,62.1734,-0.4895
2560.0244,3.8276,89.9342,0.012,101304.931,62.5556,Bearing Wear,1.0,3.6644,0.181,90.5781,-1.4455,62.0808,0.7045
2530.3556,4.1258,90.5446,0.0118,101215.2518,61.8222,Bearing Wear,8.7202,3.7784,0.2981,90.6378,0.6104,62.0936,-0.7334
2573.4111,3.7232,90.7663,0.0128,101292.128,61.7376,Bearing Wear,5.8862,3.8262,-0.4026,90.5184,0.2217,62.0614,-0.0845
2602.5876,4.0239,90.4817,0.0164,101355.1593,61.691,Bearing Wear,1.4111,3.8694,0.3007,90.6213,-0.2846,61.9315,-0.0466
2612.2946,3.837,90.1684,0.0122,101323.2659,61.8091,Bearing Wear,4.2162,3.9075,-0.187,90.379,-0.3133,61.9231,0.1181
2576.228,3.8572,90.2209,0.017,101347.7251,62.6427,Bearing Wear,4.2815,3.9134,0.0203,90.4364,0.0526,61.9405,0.8335
2570.1321,3.5988,91.4607,0.0114,101353.142,62.5666,Bearing Wear,1.6958,3.808,-0.2584,90.6196,1.2398,62.0894,-0.076
2602.9921,3.6783,91.2874,0.0167,101327.5215,61.6244,Bearing Wear,8.7867,3.799,0.0795,90.7238,-0.1733,62.0668,-0.9422
2560.1926,3.6051,91.7024,0.0169,101287.856,61.598,Bearing Wear,4.4091,3.7153,-0.0732,90.968,0.415,62.0482,-0.0265
2599.6971,3.4885,91.5564,0.0156,101360.9436,61.4166,Bearing Wear,1.3896,3.6456,-0.1166,91.2456,-0.1461,61.9697,-0.1814
2531.8371,3.515,91.3155,0.0188,101260.806,61.4894,Bearing Wear,7.285,3.5771,0.0265,91.4645,-0.2408,61.739,0.0728
2604.6755,3.9869,90.5746,0.0141,101248.3381,62.6956,Bearing Wear,9.5993,3.6548,0.4719,91.2873,-0.7409,61.7648,1.2062
2551.2225,3.5926,90.5178,0.015,101300.7983,61.893,Bearing Wear,1.0,3.6376,-0.3944,91.1333,-0.0567,61.8185,-0.8026
2571.2911,3.8156,90.3888,0.0188,101266.5512,61.7041,Bearing Wear,21.2549,3.6797,0.223,90.8706,-0.1291,61.8398,-0.1889
2545.49,3.7102,89.8785,0.0109,101322.956,62.3265,Bearing Wear,1.0,3.7241,-0.1055,90.535,-0.5103,62.0217,0.6224
2580.6979,4.054,90.8736,0.0121,101296.6607,62.0102,Bearing Wear,2.2931,3.8318,0.3438,90.4467,0.9952,62.1259,-0.3163
2539.9971,3.6556,91.1689,0.0115,101291.2873,60.9774,Bearing Wear,3.8137,3.7656,-0.3984,90.5655,0.2953,61.7822,-1.0328
2530.8387,3.8822,89.8702,0.0126,101287.8486,62.3069,Bearing Wear,10.3134,3.8235,0.2266,90.436,-1.2987,61.865,1.3295
2588.7532,3.4789,90.3329,0.0155,101293.2517,61.1103,Bearing Wear,12.7844,3.7562,-0.4033,90.4248,0.4627,61.7463,-1.1966
2522.7075,3.6939,89.761,0.0173,101255.5308,61.9035,Bearing Wear,10.1502,3.7529,0.215,90.4013,-0.5719,61.6616,0.7931
2582.0726,3.6136,90.9878,0.0158,101238.6148,61.8516,Bearing Wear,4.627,3.6648,-0.0803,90.4242,1.2268,61.6299,-0.0518
2590.358,3.663,90.8242,0.0195,101277.2137,62.1143,Bearing Wear,11.5898,3.6663,0.0494,90.3552,-0.1636,61.8573,0.2627
2615.1365,3.757,90.858,0.0177,101425.8287,62.4448,Bearing Wear,4.6682,3.6413,0.0939,90.5528,0.0339,61.8849,0.3305
2555.2829,3.6419,91.0337,0.0114,101307.9004,62.174,Bearing Wear,1.0,3.6739,-0.115,90.693,0.1757,62.0977,-0.2708
2554.16,3.7788,91.7451,0.0135,101236.1005,61.9551,Bearing Wear,1.0,3.6909,0.1369,91.0898,0.7114,62.108,-0.219
2631.8194,3.9917,90.9782,0.0117,101283.9458,61.676,Bearing Wear,1.0,3.7665,0.2129,91.0878,-0.7669,62.0728,-0.2791
2567.3035,3.7544,90.4792,0.0149,101253.6495,61.6598,Bearing Wear,1.0,3.7848,-0.2373,91.0189,-0.499,61.9819,-0.0162
2554.5673,3.8046,90.1652,0.0124,101380.7213,61.6353,Bearing Wear,1.468,3.7943,0.0502,90.8803,-0.314,61.82,-0.0244
2540.3469,4.1558,91.6645,0.0101,101254.736,62.7502,Bearing Wear,8.2537,3.8971,0.3512,91.0064,1.4993,61.9353,1.1148
2573.1883,4.0866,90.581,0.0153,101263.6556,61.8106,Bearing Wear,5.2834,3.9586,-0.0692,90.7736,-1.0835,61.9064,-0.9396
2587.9759,3.5468,91.2754,0.0153,101366.3135,61.5315,Bearing Wear,1.0,3.8696,-0.5397,90.8331,0.6944,61.8775,-0.2791
2575.0581,3.4723,90.3338,0.0157,101350.2502,61.608,Bearing Wear,21.9558,3.8132,-0.0745,90.804,-0.9416,61.8671,0.0765
2578.1774,3.6947,90.7634,0.0145,101408.8222,62.143,Bearing Wear,1.4719,3.7912,0.2224,90.9236,0.4296,61.9686,0.535
2579.5233,3.6846,90.543,0.0109,101316.5178,62.0745,Bearing Wear,4.6395,3.697,-0.0101,90.6993,-0.2203,61.8335,-0.0685
2616.1309,3.5241,90.8335,0.0103,101347.7938,61.9547,Bearing Wear,1.0,3.5845,-0.1605,90.7498,0.2904,61.8623,-0.1198
2611.2184,3.6685,91.0784,0.0167,101241.0987,61.6014,Bearing Wear,5.2686,3.6088,0.1444,90.7104,0.2449,61.8763,-0.3534
2563.8453,4.1913,90.2723,0.0159,101397.9775,61.795,Bearing Wear,4.2986,3.7526,0.5227,90.6981,-0.8061,61.9137,0.1936
2562.9983,3.7706,91.8647,0.0197,101307.3382,62.2521,Bearing Wear,6.6706,3.7678,-0.4207,90.9184,1.5924,61.9355,0.4571
2599.3828,3.981,90.5407,0.0185,101347.9677,61.2158,Bearing Wear,3.4918,3.8271,0.2104,90.9179,-1.324,61.7638,-1.0363
2580.9079,3.7844,90.9188,0.0145,101408.5705,62.104,Bearing Wear,15.1682,3.8792,-0.1966,90.935,0.3781,61.7936,0.8882
2617.8222,3.7496,90.1721,0.0178,101343.9775,61.9,Bearing Wear,11.2785,3.8954,-0.0349,90.7537,-0.7467,61.8534,-0.204
2639.9702,3.4693,89.8145,0.0181,101341.7228,62.2565,Bearing Wear,6.6015,3.751,-0.2803,90.6622,-0.3576,61.9457,0.3566
2591.7444,3.8283,90.3858,0.0105,101297.0501,60.8007,Bearing Wear,6.1916,3.7625,0.359,90.3664,0.5713,61.6554,-1.4559
2567.017,3.6114,91.0054,0.0119,101256.9348,62.6397,Bearing Wear,2.5779,3.6886,-0.2169,90.4593,0.6196,61.9402,1.839
2630.315,3.6574,90.4706,0.0189,101270.7096,62.0897,Bearing Wear,5.2716,3.6632,0.046,90.3697,-0.5349,61.9373,-0.5499
2565.2619,3.6665,89.6218,0.0152,101211.55,61.9145,Bearing Wear,7.1848,3.6466,0.0091,90.2596,-0.8487,61.9402,-0.1753
2593.6585,3.7039,91.159,0.0155,101329.5755,61.7386,Bearing Wear,10.2265,3.6935,0.0374,90.5285,1.5371,61.8366,-0.1759
2623.2154,3.5779,91.6702,0.0172,101399.9896,61.4957,Bearing Wear,4.6807,3.6434,-0.126,90.7854,0.5112,61.9756,-0.2429
2627.8365,3.6249,91.1805,0.0106,101379.4475,62.8238,Bearing Wear,6.861,3.6461,0.0469,90.8204,-0.4897,62.0125,1.3282
2575.3682,3.5045,91.1258,0.0188,101226.8113,62.3927,Bearing Wear,6.9663,3.6155,-0.1204,90.9514,-0.0547,62.073,-0.4311
2586.084,3.9846,91.3337,0.0129,101336.7445,62.411,Bearing Wear,5.5345,3.6792,0.4801,91.2938,0.2079,62.1723,0.0183
2604.3569,3.8023,90.4326,0.0186,101339.9944,61.8623,Bearing Wear,3.0896,3.6988,-0.1823,91.1486,-0.9011,62.1971,-0.5486
2563.9424,3.9433,90.6658,0.0136,101255.0583,62.0511,Bearing Wear,11.2972,3.7719,0.141,90.9477,0.2332,62.3082,0.1888
2507.3117,3.8563,91.1152,0.0186,101228.0092,61.4147,Bearing Wear,6.0548,3.8182,-0.087,90.9346,0.4494,62.0264,-0.6364
2565.7826,3.6215,90.8679,0.0174,101300.9241,62.038,Bearing Wear,11.0815,3.8416,-0.2348,90.8831,-0.2473,61.9554,0.6234
2598.8336,3.6476,90.6256,0.0132,101376.605,61.645,Bearing Wear,3.5353,3.7742,0.0261,90.7414,-0.2423,61.8022,-0.3931
2560.0825,3.9626,90.9623,0.0145,101337.1255,62.7465,Bearing Wear,7.4884,3.8063,0.315,90.8474,0.3367,61.9791,1.1015
2607.8812,3.8011,92.2496,0.0196,101235.5144,61.6333,Bearing Wear,10.6045,3.7778,-0.1616,91.1641,1.2873,61.8955,-1.1132
2564.5077,3.9537,90.6895,0.0188,101271.8536,61.9352,Bearing Wear,4.5637,3.7973,0.1526,91.079,-1.5601,61.9996,0.3019
2584.0855,3.6666,91.1208,0.0142,101276.0374,62.3214,Bearing Wear,5.9313,3.8063,-0.2871,91.1296,0.4313,62.0563,0.3862
2562.2979,3.8519,89.7374,0.0198,101284.8121,61.7594,Bearing Wear,4.6479,3.8472,0.1852,90.9519,-1.3835,62.0792,-0.5619
2524.3018,3.8715,90.9802,0.0162,101320.5147,62.2791,Bearing Wear,6.4755,3.8289,0.0197,90.9555,1.2429,61.9857,0.5197
2556.8262,4.0197,91.4729,0.0189,101251.8589,62.3015,Bearing Wear,3.6439,3.8727,0.1482,90.8002,0.4926,62.1193,0.0224
2572.2622,3.7385,91.0794,0.0183,101305.6178,61.6403,Bearing Wear,7.963,3.8296,-0.2812,90.8781,-0.3934,62.0603,-0.6613
2598.4943,3.8956,91.0757,0.0133,101268.2258,61.8447,Bearing Wear,4.7384,3.8754,0.1571,90.8691,-0.0037,61.965,0.2045
2614.2612,3.9413,90.8712,0.0142,101295.6598,61.8407,Bearing Wear,8.6962,3.8933,0.0458,91.0959,-0.2045,61.9813,-0.004
2513.4581,3.7683,90.4861,0.0174,101288.9294,61.938,Bearing Wear,1.0,3.8727,-0.173,90.9971,-0.3852,61.913,0.0974
2575.2282,3.6848,90.6015,0.0146,101215.8989,61.9405,Bearing Wear,1.0,3.8057,-0.0835,90.8228,0.1154,61.8408,0.0024
2613.9895,3.8398,91.5818,0.0165,101248.9962,61.8985,Bearing Wear,3.2051,3.826,0.155,90.9233,0.9803,61.8925,-0.042
2537.6754,3.4965,90.9127,0.0137,101263.4525,61.7678,Bearing Wear,7.5914,3.7462,-0.3433,90.8907,-0.6691,61.8771,-0.1307
2603.6441,3.6999,91.1353,0.0127,101325.9367,61.9671,Bearing Wear,5.634,3.6979,0.2033,90.9435,0.2227,61.9024,0.1993
2574.0355,3.7293,91.4235,0.012,101341.6288,62.1531,Bearing Wear,1.5647,3.6901,0.0294,91.1309,0.2881,61.9454,0.1859
2578.944,3.822,91.2856,0.0127,101422.0086,62.1098,Bearing Wear,2.9891,3.7175,0.0928,91.2678,-0.1379,61.9792,-0.0433
2593.4738,3.7,90.2287,0.0162,101333.5205,62.5284,Bearing Wear,14.7438,3.6896,-0.122,90.9971,-1.0569,62.1052,0.4186
2569.9209,3.8407,90.4878,0.0147,101267.1364,62.0998,Bearing Wear,11.346,3.7584,0.1407,90.9122,0.2591,62.1716,-0.4286
2581.5475,4.1977,90.8405,0.0161,101257.5592,62.5025,Bearing Wear,3.4442,3.8579,0.357,90.8532,0.3527,62.2787,0.4027
2556.8909,3.9673,91.4845,0.0193,101249.8693,61.8967,Bearing Wear,5.0405,3.9055,-0.2304,90.8654,0.644,62.2275,-0.6058
2581.1304,3.789,91.1967,0.011,101281.5062,61.7731,Bearing Wear,1.7984,3.8989,-0.1783,90.8476,-0.2878,62.1601,-0.1236
2596.2473,4.1362,91.3105,0.0106,101228.6529,61.4541,Bearing Wear,7.6017,3.9862,0.3472,91.064,0.1138,61.9453,-0.3191
2605.0161,3.7807,92.2094,0.013,101378.4637,63.1498,Bearing Wear,6.1909,3.9742,-0.3556,91.4083,0.8989,62.1553,1.6957
2609.0118,3.8036,89.8897,0.0146,101296.4199,61.2049,Bearing Wear,10.5506,3.8953,0.0229,91.2181,-2.3197,61.8957,-1.9449
2522.4379,3.6962,91.0782,0.0138,101242.7231,61.1824,Bearing Wear,9.7339,3.8411,-0.1074,91.1369,1.1885,61.7529,-0.0225
2574.5644,3.5435,91.1336,0.0113,101335.7619,62.3343,Bearing Wear,4.1304,3.792,-0.1527,91.1243,0.0553,61.8651,1.1519
2534.888,3.3888,91.0332,0.0105,101353.3916,62.1125,Bearing Wear,10.0756,3.6425,-0.1547,91.0688,-0.1003,61.9968,-0.2218
2579.3168,3.5035,91.4045,0.0122,101323.6023,61.6775,Bearing Wear,9.313,3.5871,0.1147,90.9079,0.3713,61.7023,-0.435
2618.3802,3.6583,92.2216,0.0186,101328.8156,61.9619,Bearing Wear,1.0,3.558,0.1549,91.3742,0.8171,61.8537,0.2843
2601.0403,3.5843,91.1097,0.0163,101366.4056,62.4022,Bearing Wear,9.7443,3.5357,-0.074,91.3805,-1.112,62.0977,0.4404
2593.9223,3.6597,89.6596,0.0197,101263.9836,61.2595,Bearing Wear,5.1573,3.5589,0.0754,91.0857,-1.45,61.8827,-1.1427
2584.1207,4.1115,90.5565,0.0164,101323.6163,61.9025,Bearing Wear,14.9569,3.7035,0.4518,90.9904,0.8968,61.8407,0.643
2554.4954,4.0793,92.2224,0.0177,101177.229,62.2565,Bearing Wear,1.0,3.8187,-0.0322,91.154,1.666,61.9565,0.354
2594.8909,3.853,91.3634,0.0186,101256.4224,61.7716,Bearing Wear,10.851,3.8576,-0.2263,90.9823,-0.8591,61.9185,-0.4849
2601.233,3.905,91.6604,0.0172,101319.446,62.1355,Bearing Wear,1.0,3.9217,0.052,91.0925,0.297,61.8651,0.3639
2522.5433,3.8108,90.5709,0.0117,101274.662,61.9304,Bearing Wear,2.0273,3.9519,-0.0942,91.2747,-1.0895,61.9993,-0.2052
2567.9583,4.0394,91.1327,0.0104,101318.4989,62.6717,Bearing Wear,1.0,3.9375,0.2286,91.39,0.5619,62.1531,0.7413
2594.9048,3.7605,91.2608,0.0185,101233.0635,60.6498,Bearing Wear,1.3114,3.8737,-0.2789,91.1976,0.1281,61.8318,-2.0219
2598.6595,3.7382,92.0664,0.0194,101383.5365,62.0124,Bearing Wear,5.3893,3.8508,-0.0223,91.3382,0.8056,61.88,1.3626
2580.0804,3.5726,91.8472,0.0185,101386.5749,62.5437,Bearing Wear,1.5404,3.7843,-0.1656,91.3756,-0.2191,61.9616,0.5312
2579.4411,3.8063,91.1503,0.0125,101239.0247,62.0039,Bearing Wear,1.0,3.7834,0.2337,91.4915,-0.697,61.9763,-0.5398
2533.766,3.6787,91.9255,0.0167,101325.5417,62.3719,Bearing Wear,16.7481,3.7112,-0.1276,91.65,0.7752,61.9163,0.368
2587.4555,3.6995,91.4568,0.0105,101176.5359,62.0919,Bearing Wear,6.1004,3.699,0.0208,91.6892,-0.4687,62.2048,-0.2801
2593.7964,3.857,90.9036,0.0147,101270.2665,61.4379,Bearing Wear,1.4569,3.7228,0.1575,91.4567,-0.5532,62.0899,-0.6539
2588.2431,3.8994,91.8313,0.0196,101295.267,62.6848,Bearing Wear,11.6421,3.7882,0.0424,91.4535,0.9277,62.1181,1.2468
2627.9861,3.8429,91.4772,0.0121,101287.7806,61.66,Bearing Wear,6.0614,3.7955,-0.0564,91.5189,-0.3541,62.0493,-1.0248
2590.5118,3.6628,90.8905,0.0113,101263.6683,61.9818,Bearing Wear,1.0,3.7923,-0.1801,91.3119,-0.5866,61.9713,0.3218
2601.0961,3.8748,91.2444,0.0123,101242.9581,61.6691,Bearing Wear,5.7901,3.8274,0.212,91.2694,0.3539,61.8867,-0.3127
2630.2336,3.6556,92.1004,0.0165,101335.6588,61.1003,Bearing Wear,1.0,3.7871,-0.2192,91.5088,0.856,61.8192,-0.5688
2546.4045,3.6552,91.5726,0.0115,101261.1066,61.8844,Bearing Wear,6.7843,3.7383,-0.0004,91.457,-0.5278,61.6591,0.7841
2546.9594,3.8428,91.5054,0.0131,101333.448,62.0448,Bearing Wear,10.9516,3.7382,0.1875,91.4627,-0.0672,61.7361,0.1604
2587.3846,3.7661,91.9143,0.0137,101298.9823,62.1187,Bearing Wear,6.6838,3.7589,-0.0766,91.6674,0.4089,61.7634,0.0739
2561.2388,3.588,91.0191,0.0139,101340.558,62.6598,Bearing Wear,8.1844,3.7015,-0.1781,91.6223,-0.8952,61.9616,0.5411
2593.346,3.5156,90.9642,0.0169,101295.0531,62.1302,Bearing Wear,3.2308,3.6735,-0.0723,91.3951,-0.0548,62.1676,-0.5297
2569.6691,3.8117,91.5879,0.0173,101333.5358,62.1065,Bearing Wear,10.5538,3.7048,0.296,91.3982,0.6236,62.212,-0.0237
2569.3226,3.8833,91.828,0.0179,101232.9399,61.8166,Bearing Wear,8.5679,3.7129,0.0717,91.4627,0.2401,62.1663,-0.2899
2582.4618,3.9626,91.9338,0.0103,101333.6521,60.7772,Bearing Wear,7.6607,3.7522,0.0793,91.4666,0.1058,61.898,-1.0394
2582.0949,3.8064,91.3857,0.0141,101269.9603,62.3431,Bearing Wear,5.1723,3.7959,-0.1562,91.5399,-0.5481,61.8347,1.5659
2597.5343,4.1099,92.4296,0.0193,101276.3832,62.2113,Bearing Wear,13.4662,3.9148,0.3035,91.833,1.0439,61.8509,-0.1318
2561.3958,3.8826,90.8191,0.0185,101264.575,62.2008,Bearing Wear,2.4566,3.929,-0.2273,91.6792,-1.6105,61.8698,-0.0105
2591.9484,3.568,92.3545,0.0156,101327.8322,62.4948,Bearing Wear,2.7402,3.8659,-0.3146,91.7845,1.5354,62.0054,0.294
2620.4321,3.5907,92.1343,0.0126,101410.8835,62.0056,Bearing Wear,4.0431,3.7915,0.0226,91.8246,-0.2202,62.2511,-0.4892
2620.9565,3.6967,91.6882,0.0195,101295.9597,61.2275,Bearing Wear,2.1213,3.7696,0.106,91.8851,-0.4461,62.028,-0.7781
2564.3809,3.6251,91.7888,0.0197,101341.7599,62.2058,Bearing Wear,5.7643,3.6726,-0.0716,91.757,0.1006,62.0269,0.9783
2554.286,3.6097,90.8375,0.0186,101235.8435,62.2133,Bearing Wear,1.0,3.618,-0.0153,91.7606,-0.9513,62.0294,0.0074
2596.6654,3.696,92.5484,0.0156,101293.3855,61.53,Bearing Wear,3.1458,3.6436,0.0863,91.7994,1.7109,61.8364,-0.6833
2585.5452,3.7645,90.7085,0.0198,101341.8809,61.6967,Bearing Wear,1.0,3.6784,0.0684,91.5143,-1.8399,61.7746,0.1667
2582.7108,3.9677,91.1612,0.0147,101335.666,62.3851,Bearing Wear,1.0,3.7326,0.2033,91.4089,0.4527,62.0062,0.6884
2515.5825,3.9019,91.473,0.0118,101252.5984,61.1002,Bearing Wear,6.1552,3.788,-0.0658,91.3457,0.3119,61.785,-1.2849
2572.2473,3.9154,91.813,0.02,101280.2555,61.2981,Bearing Wear,7.7723,3.8491,0.0135,91.5408,0.3399,61.602,0.198
2616.6541,3.6622,91.6469,0.0149,101242.4375,62.0057,Bearing Wear,1.0,3.8423,-0.2532,91.3605,-0.1661,61.6971,0.7075
2513.8573,3.7908,92.1853,0.0182,101332.8593,61.707,Bearing Wear,3.4018,3.8476,0.1286,91.6559,0.5384,61.6992,-0.2987
2602.8726,3.8466,92.9153,0.0172,101358.8068,62.6323,Bearing Wear,13.847,3.8234,0.0558,92.0067,0.73,61.7486,0.9253
2611.2072,3.6783,91.0433,0.0144,101332.7158,62.2518,Bearing Wear,10.026,3.7786,-0.1682,91.9207,-1.872,61.979,-0.3805
2591.1926,3.8302,91.7996,0.0152,101276.3458,62.3509,Bearing Wear,1.0,3.7616,0.1519,91.9181,0.7564,62.1895,0.0991
2584.2059,3.8266,90.9424,0.0159,101325.1365,61.5487,Bearing Wear,7.9389,3.7945,-0.0036,91.7772,-0.8572,62.0981,-0.8022
2545.499,3.6646,91.045,0.0134,101220.6671,62.2626,Bearing Wear,1.0,3.7693,-0.162,91.5491,0.1026,62.2093,0.7139
2582.5311,3.918,91.4441,0.0174,101402.4758,61.8766,Bearing Wear,5.8634,3.7835,0.2534,91.2549,0.3991,62.0581,-0.386
2581.1689,4.0848,91.1767,0.0104,101342.686,62.4827,Bearing Wear,3.3024,3.8648,0.1668,91.2816,-0.2675,62.1043,0.6061
2576.2617,4.0122,91.6674,0.0135,101388.1693,62.0587,Bearing Wear,5.3708,3.9012,-0.0726,91.2551,0.4907,62.0459,-0.424
2567.0219,3.8966,90.7802,0.0139,101356.7537,61.9502,Bearing Wear,4.2323,3.9152,-0.1155,91.2227,-0.8872,62.1262,-0.1085
2609.6092,3.7106,90.6872,0.0183,101266.6981,61.7333,Bearing Wear,1.0,3.9245,-0.186,91.1511,-0.093,62.0203,-0.2169
2604.3184,4.0532,92.3025,0.0175,101325.5172,61.9701,Bearing Wear,7.1038,3.9515,0.3426,91.3228,1.6153,62.039,0.2368
2571.3359,3.7091,90.8652,0.0105,101302.3844,62.1173,Bearing Wear,2.1855,3.8764,-0.3441,91.2605,-1.4373,61.9659,0.1472
2560.5253,3.9408,92.3819,0.0161,101318.1084,61.7865,Bearing Wear,1.0,3.8621,0.2317,91.4034,1.5167,61.9115,-0.3307
2582.7798,3.6799,91.7718,0.0167,101328.3202,62.3447,Bearing Wear,1.0,3.8187,-0.261,91.6017,-0.6101,61.9904,0.5582
2587.7467,3.943,91.7414,0.0145,101373.3363,62.7449,Bearing Wear,8.2094,3.8652,0.2631,91.8126,-0.0304,62.1927,0.4002
2554.4115,3.3752,92.679,0.0144,101313.3479,61.6597,Bearing Wear,3.1608,3.7296,-0.5678,91.8879,0.9376,62.1306,-1.0852
2601.2337,3.8073,91.7342,0.0163,101330.2058,61.7189,Bearing Wear,5.3239,3.7492,0.4321,92.0617,-0.9448,62.051,0.0591
2607.3096,3.9009,91.4249,0.0158,101166.6456,61.9592,Bearing Wear,1.0,3.7412,0.0936,91.8703,-0.3093,62.0855,0.2404
2581.9587,3.4672,91.438,0.0118,101203.4601,62.5991,Bearing Wear,12.6115,3.6987,-0.4337,91.8035,0.0131,62.1364,0.6398
2559.2839,3.6472,91.8043,0.0122,101368.8045,61.8521,Bearing Wear,5.0716,3.6395,0.1801,91.8161,0.3663,61.9578,-0.7469
2580.218,3.8921,90.2617,0.0166,101271.511,62.051,Bearing Wear,4.1821,3.7429,0.2449,91.3326,-1.5426,62.0361,0.1988
2584.6338,4.1609,92.4811,0.0131,101285.8045,62.6218,Bearing Wear,4.7299,3.8136,0.2689,91.482,2.2194,62.2166,0.5708
2537.1651,3.7365,91.5567,0.0107,101215.2743,62.3143,Bearing Wear,1.0,3.7808,-0.4244,91.5084,-0.9244,62.2877,-0.3074
2574.0825,3.7163,91.5786,0.017,101305.8516,61.9373,Bearing Wear,3.0318,3.8306,-0.0202,91.5365,0.0219,62.1553,-0.3771
2612.1293,4.2046,92.3166,0.0174,101253.2621,61.9846,Bearing Wear,5.985,3.9421,0.4883,91.639,0.7379,62.1818,0.0473
2596.6936,3.7641,92.1148,0.0116,101304.6678,62.2617,Bearing Wear,1.0,3.9165,-0.4405,92.0096,-0.2018,62.224,0.2771
2577.4932,3.8981,91.7131,0.0157,101280.1481,61.8508,Bearing Wear,11.2852,3.8639,0.134,91.856,-0.4016,62.0698,-0.4109
2542.731,3.7548,91.7118,0.0174,101273.9626,62.6961,Bearing Wear,2.0057,3.8676,-0.1432,91.887,-0.0013,62.1461,0.8453
2615.0462,3.7443,90.9509,0.0117,101244.6426,62.3769,Bearing Wear,1.0,3.8732,-0.0105,91.7614,-0.7609,62.234,-0.3192
2578.7354,3.6529,91.6296,0.0193,101298.7199,62.7218,Bearing Wear,1.0,3.7628,-0.0915,91.624,0.6787,62.3815,0.3449
2528.3319,3.9717,91.6327,0.0161,101384.0285,62.0675,Bearing Wear,3.1929,3.8044,0.3188,91.5276,0.0031,62.3426,-0.6543
2584.4323,3.6859,91.4418,0.0104,101264.4018,61.4127,Bearing Wear,1.5538,3.7619,-0.2858,91.4734,-0.1909,62.255,-0.6548
2590.417,3.5668,91.7337,0.0169,101306.4345,62.351,Bearing Wear,1.0,3.7243,-0.119,91.4777,0.2919,62.186,0.9383
2507.1018,3.9591,92.236,0.0154,101271.1484,61.0433,Bearing Wear,9.2541,3.7673,0.3923,91.7347,0.5023,61.9193,-1.3077
2558.8762,3.9781,92.0965,0.0139,101241.0718,62.2936,Bearing Wear,1.0,3.8323,0.0189,91.8281,-0.1395,61.8336,1.2503
2573.246,3.5729,92.0666,0.0136,101299.5919,61.9058,Bearing Wear,8.9898,3.7526,-0.4051,91.9149,-0.0299,61.8013,-0.3878
2537.2692,4.0013,91.7521,0.0176,101305.0865,61.8889,Bearing Wear,5.6644,3.8157,0.4284,91.977,-0.3145,61.8965,-0.0169
2567.1997,3.8878,92.1995,0.0164,101391.5732,62.6074,Bearing Wear,2.9008,3.8798,-0.1135,92.0701,0.4474,61.9478,0.7185
2596.5608,3.8531,91.935,0.0166,101303.3911,62.1704,Bearing Wear,3.5447,3.8586,-0.0347,92.0099,-0.2645,62.1732,-0.437
2602.3262,3.7316,91.9809,0.0188,101334.6399,62.3638,Bearing Wear,6.8813,3.8093,-0.1215,91.9868,0.046,62.1873,0.1934
2589.4575,3.6929,92.3902,0.0136,101317.7891,61.2967,Bearing Wear,6.7241,3.8333,-0.0387,92.0516,0.4093,62.0654,-1.0671
2595.2245,3.5876,92.6594,0.0127,101276.9647,61.6496,Bearing Wear,7.1855,3.7506,-0.1053,92.233,0.2692,62.0176,0.3529
2590.6314,3.8491,92.5994,0.0108,101428.624,62.4657,Bearing Wear,1.0722,3.7429,0.2616,92.313,-0.06,61.9893,0.816
2580.7525,3.5874,92.2425,0.0134,101404.2554,62.0574,Bearing Wear,6.9714,3.6897,-0.2617,92.3745,-0.3569,61.9666,-0.4083
2556.9021,3.6759,91.1841,0.0178,101219.5303,62.2384,Bearing Wear,13.7404,3.6786,0.0885,92.2151,-1.0585,61.9416,0.181
2604.8859,3.8211,91.6055,0.0152,101304.4283,62.3185,Bearing Wear,1.0,3.7042,0.1452,92.0582,0.4214,62.1459,0.0801
2616.4391,3.9455,91.8245,0.0105,101308.5856,62.2522,Bearing Wear,1.0,3.7758,0.1244,91.8912,0.219,62.2664,-0.0663
2589.7154,3.7906,91.2054,0.0137,101279.4028,61.9402,Bearing Wear,1.0,3.7641,-0.1549,91.6124,-0.6191,62.1613,-0.312
2590.7601,3.9474,92.5431,0.0147,101335.748,62.3935,Bearing Wear,13.2934,3.8361,0.1569,91.6725,1.3377,62.2286,0.4533
2561.0779,3.7844,92.9536,0.0101,101211.0751,61.9292,Bearing Wear,6.1758,3.8578,-0.1631,92.0264,0.4105,62.1667,-0.4643
2554.6394,3.782,91.1383,0.0127,101302.064,61.3669,Bearing Wear,6.3654,3.85,-0.0023,91.933,-1.8153,61.9764,-0.5622
2568.5428,3.5753,91.5858,0.0127,101376.4429,61.9769,Bearing Wear,7.5034,3.7759,-0.2067,91.8852,0.4475,61.9213,0.6099
2631.6228,3.5144,91.8929,0.0183,101309.0114,62.3487,Bearing Wear,1.0,3.7207,-0.0609,92.0227,0.3071,62.003,0.3718
2572.1237,3.8252,92.6026,0.0105,101253.8741,61.6844,Bearing Wear,7.1962,3.6963,0.3108,92.0347,0.7097,61.8612,-0.6643
2616.0672,3.7083,92.2903,0.0175,101182.1956,61.6205,Bearing Wear,6.5351,3.6811,-0.1169,91.902,-0.3124,61.7995,-0.0639
2598.9567,3.7023,93.4465,0.015,101370.992,61.7681,Bearing Wear,1.0016,3.6651,-0.006,92.3636,1.1562,61.8797,0.1476
2553.3316,3.5378,91.289,0.0192,101249.231,62.2719,Bearing Wear,4.593,3.6576,-0.1645,92.3043,-2.1575,61.9387,0.5039
2564.1961,3.7781,92.6836,0.0137,101372.5754,61.6637,Bearing Wear,3.5034,3.7104,0.2403,92.4624,1.3946,61.8017,-0.6083
2547.5394,3.7772,93.7365,0.0196,101301.1635,61.9432,Bearing Wear,11.9656,3.7008,-0.0009,92.6892,1.0529,61.8535,0.2795
2610.6851,3.973,93.2614,0.017,101335.3048,62.0993,Bearing Wear,16.2536,3.7537,0.1958,92.8834,-0.4751,61.9492,0.1561
2613.907,3.9977,92.3781,0.0125,101359.3656,62.1242,Bearing Wear,1.8334,3.8128,0.0247,92.6697,-0.8833,62.0204,0.025
2593.6375,3.8149,92.0526,0.014,101236.0695,61.8312,Bearing Wear,5.9522,3.8682,-0.1828,92.8225,-0.3255,61.9323,-0.2931
2562.0196,3.5381,91.9738,0.0141,101275.5542,62.5146,Bearing Wear,9.9033,3.8202,-0.2768,92.6805,-0.0788,62.1025,0.6834
2587.4743,3.8427,92.3325,0.013,101394.4275,62.3384,Bearing Wear,7.0722,3.8333,0.3046,92.3997,0.3587,62.1815,-0.1762
2599.1967,3.7346,92.3464,0.0158,101319.6761,61.2717,Bearing Wear,6.4752,3.7856,-0.108,92.2167,0.0139,62.016,-1.0667
2576.1606,3.6652,91.568,0.0152,101316.4931,62.3504,Bearing Wear,2.8775,3.7191,-0.0694,92.0547,-0.7783,62.0613,1.0787
2567.5083,3.928,92.3312,0.0178,101268.0561,61.9784,Bearing Wear,1.3954,3.7417,0.2628,92.1104,0.7632,62.0907,-0.372
2562.9915,3.5971,92.8695,0.0182,101331.5319,62.0353,Bearing Wear,2.7654,3.7535,-0.3309,92.2895,0.5383,61.9949,0.0569
2554.5924,3.5637,92.3319,0.0183,101240.3038,62.7093,Bearing Wear,11.9535,3.6977,-0.0334,92.2894,-0.5376,62.069,0.674
2567.6829,3.5868,91.9399,0.0142,101342.0308,62.67,Bearing Wear,2.4953,3.6681,0.0231,92.2081,-0.3921,62.3487,-0.0393
2580.732,4.0169,92.776,0.0173,101279.3974,61.6557,Bearing Wear,1.0,3.7385,0.4301,92.4497,0.8361,62.2097,-1.0143
2572.415,3.6773,92.1575,0.011,101351.6682,62.3951,Bearing Wear,1.0,3.6883,-0.3396,92.4149,-0.6185,62.2931,0.7394
2571.9825,3.7336,93.1633,0.013,101261.5679,62.6602,Bearing Wear,11.398,3.7157,0.0564,92.4737,1.0058,62.4181,0.2651
2583.8927,4.273,92.2565,0.019,101290.5036,61.9449,Bearing Wear,9.3829,3.8575,0.5394,92.4586,-0.9068,62.2652,-0.7153
2543.6301,3.9623,92.9838,0.0135,101340.4661,61.137,Bearing Wear,6.9744,3.9326,-0.3107,92.6674,0.7273,61.9586,-0.8078
2528.1475,3.7823,92.3197,0.0181,101298.8496,62.5999,Bearing Wear,1.6145,3.8857,-0.18,92.5762,-0.6641,62.1474,1.4628
2563.2351,3.7969,92.3644,0.0117,101331.0986,62.0919,Bearing Wear,4.0414,3.9097,0.0146,92.6175,0.0447,62.0868,-0.508
2619.5287,3.7582,93.1426,0.0194,101318.8247,61.6407,Bearing Wear,2.549,3.9146,-0.0388,92.6134,0.7782,61.8829,-0.4512
2594.8646,3.6058,92.2283,0.0105,101308.8801,61.9936,Bearing Wear,7.673,3.7811,-0.1523,92.6078,-0.9143,61.8926,0.3529
2623.2052,3.7759,91.2902,0.0174,101247.8483,62.4374,Bearing Wear,11.5544,3.7438,0.17,92.269,-0.9381,62.1527,0.4438
2621.8419,3.7716,92.426,0.0158,101305.2574,62.363,Bearing Wear,2.18,3.7417,-0.0043,92.2903,1.1358,62.1053,-0.0745
2612.7542,3.5285,91.7376,0.0114,101268.5337,62.4913,Bearing Wear,3.115,3.688,-0.2431,92.1649,-0.6884,62.1852,0.1283
2577.1206,3.8605,93.5314,0.0129,101331.4793,61.799,Bearing Wear,1.0,3.7084,0.332,92.2427,1.7937,62.2169,-0.6922
2606.0985,3.982,92.0981,0.0141,101360.0041,61.1076,Bearing Wear,1.0,3.7837,0.1216,92.2167,-1.4333,62.0397,-0.6915
2589.3284,3.6836,92.6727,0.0146,101336.5659,62.3123,Bearing Wear,5.0424,3.7652,-0.2984,92.4932,0.5746,62.0146,1.2047
2575.0308,4.0969,93.092,0.0104,101343.854,63.0475,Bearing Wear,4.0016,3.8303,0.4133,92.6264,0.4193,62.1515,0.7353
2599.0981,3.9096,92.3686,0.0151,101320.0727,62.3394,Bearing Wear,6.1095,3.9065,-0.1873,92.7525,-0.7234,62.1212,-0.7081
2572.8081,4.1059,91.0732,0.0122,101294.1692,60.8691,Bearing Wear,9.4841,3.9556,0.1964,92.2609,-1.2954,61.9352,-1.4704
2538.0317,3.6359,92.0839,0.012,101347.8298,62.2927,Bearing Wear,6.2917,3.8864,-0.4701,92.2581,1.0107,62.1722,1.4236
2539.6824,3.7673,92.6593,0.0187,101189.8956,62.1929,Bearing Wear,10.3322,3.9031,0.1314,92.2554,0.5754,62.1483,-0.0998
2590.938,3.7721,92.5364,0.0187,101241.8648,61.816,Bearing Wear,6.8268,3.8381,0.0048,92.1443,-0.1229,61.902,-0.3769
2597.3814,3.7869,92.2455,0.0167,101270.9284,61.4802,Bearing Wear,5.6722,3.8136,0.0148,92.1197,-0.2909,61.7302,-0.3358
2528.6653,3.6588,91.4517,0.0175,101358.3766,61.4346,Bearing Wear,1.0,3.7242,-0.1281,92.1954,-0.7938,61.8433,-0.0457
2554.7341,3.6408,93.1144,0.0141,101338.0103,62.2612,Bearing Wear,11.1981,3.7252,-0.0179,92.4015,1.6627,61.837,0.8266
2587.8489,3.6524,92.0616,0.0131,101316.3715,62.6723,Bearing Wear,13.1684,3.7022,0.0115,92.2819,-1.0528,61.9329,0.4111
2614.0449,3.6735,92.8473,0.0143,101312.6725,61.818,Bearing Wear,1.9127,3.6824,0.0211,92.3441,0.7857,61.9333,-0.8543
2578.185,4.0059,91.7629,0.0186,101353.5411,61.7783,Bearing Wear,6.7803,3.7262,0.3324,92.2476,-1.0844,61.9929,-0.0397
2549.3738,3.7896,91.2357,0.0129,101221.1405,62.2792,Bearing Wear,1.0,3.7524,-0.2162,92.2044,-0.5272,62.1618,0.5009
2577.3215,3.892,93.2775,0.0113,101313.3731,60.9432,Bearing Wear,10.7817,3.8027,0.1023,92.237,2.0418,61.8982,-1.336
2567.6995,3.6684,92.3051,0.0122,101270.665,61.991,Bearing Wear,7.2896,3.8059,-0.2236,92.2857,-0.9724,61.7619,1.0477
2578.5805,3.948,93.1506,0.0135,101265.2243,62.2231,Bearing Wear,4.1899,3.8608,0.2796,92.3464,0.8455,61.843,0.2321
2605.567,3.8909,91.994,0.0173,101215.6446,61.8558,Bearing Wear,6.026,3.8378,-0.0572,92.3926,-1.1566,61.8585,-0.3672
2594.8448,3.5032,92.2144,0.0167,101319.9782,61.9328,Bearing Wear,8.358,3.7805,-0.3877,92.5883,0.2204,61.7892,0.077
2552.9173,3.8009,92.4703,0.0112,101320.5018,60.7046,Bearing Wear,3.1878,3.7623,0.2977,92.4269,0.2559,61.7414,-1.2282
2555.883,3.8091,92.6849,0.0117,101291.3911,62.9643,Bearing Wear,7.3545,3.7904,0.0082,92.5028,0.2146,61.9361,2.2597
2559.2625,3.4889,91.8595,0.0141,101257.2453,61.3171,Bearing Wear,1.0,3.6986,-0.3202,92.2446,-0.8254,61.7549,-1.6472
2575.888,3.6119,91.7937,0.0152,101269.5819,62.8933,Bearing Wear,1.0,3.6428,0.123,92.2045,-0.0658,61.9624,1.5762
2581.0856,3.4903,92.7662,0.0161,101369.022,62.9342,Bearing Wear,1.9489,3.6402,-0.1216,92.3149,0.9725,62.1627,0.0409
2567.2378,3.8811,92.2931,0.0137,101269.2577,60.9453,Bearing Wear,3.3792,3.6563,0.3908,92.2795,-0.4731,62.2109,-1.989
2624.385,3.7336,92.2577,0.0154,101269.1595,62.3279,Bearing Wear,7.4521,3.6412,-0.1474,92.194,-0.0354,62.0836,1.3827
2560.1509,3.9088,92.949,0.0152,101380.4019,62.5147,Bearing Wear,2.065,3.7251,0.1752,92.4119,0.6914,62.3231,0.1867
2553.4991,3.7878,92.4336,0.0117,101224.1849,61.2422,Bearing Wear,2.737,3.7603,-0.121,92.5399,-0.5154,61.9929,-1.2725
2607.7589,3.9006,92.1518,0.0196,101336.3153,62.4563,Bearing Wear,9.5111,3.8424,0.1128,92.417,-0.2818,61.8973,1.2142
2588.8527,3.645,92.8988,0.0154,101142.5442,61.8736,Bearing Wear,7.7504,3.7952,-0.2556,92.5382,0.747,62.0829,-0.5828
2620.4064,3.6499,91.7273,0.0184,101338.0487,61.9683,Bearing Wear,7.568,3.7784,0.0049,92.4321,-1.1715,62.011,0.0947
2571.2985,3.5794,92.0572,0.0151,101288.1782,61.4947,Bearing Wear,1.125,3.7125,-0.0705,92.2537,0.3299,61.807,-0.4736
2621.2551,3.4914,93.0759,0.0124,101329.9323,62.7271,Bearing Wear,11.3305,3.6533,-0.088,92.3822,1.0187,62.104,1.2324
2555.2646,3.6122,92.0307,0.0197,101296.8459,62.0638,Bearing Wear,5.7028,3.5956,0.1208,92.358,-1.0452,62.0255,-0.6633
2596.1545,3.7539,92.847,0.0168,101308.9634,61.4446,Bearing Wear,1.1609,3.6174,0.1417,92.3476,0.8163,61.9397,-0.6192
2544.3193,3.6968,92.5592,0.0168,101278.9144,60.9665,Bearing Wear,7.9434,3.6268,-0.0571,92.514,-0.2878,61.7393,-0.4781
2634.159,3.9178,93.2146,0.0166,101248.7059,62.4505,Bearing Wear,1.0,3.6944,0.221,92.7455,0.6554,61.9305,1.484
2589.1892,4.1267,93.2637,0.0104,101384.1677,62.463,Bearing Wear,1.0,3.8215,0.2088,92.783,0.0491,61.8777,0.0124
2579.2622,3.7961,92.5084,0.0124,101292.0571,61.676,Bearing Wear,1.0,3.8583,-0.3306,92.8786,-0.7554,61.8001,-0.787
2524.9487,3.9472,92.0334,0.0174,101349.3746,61.5181,Bearing Wear,2.6773,3.8969,0.1511,92.7159,-0.4749,61.8148,-0.1579
2607.4178,3.6694,93.1475,0.0189,101420.4179,61.2148,Bearing Wear,7.8735,3.8914,-0.2778,92.8335,1.1141,61.8645,-0.3033
2583.7381,3.9379,92.1611,0.0136,101326.0307,61.4673,Bearing Wear,1.0,3.8954,0.2685,92.6228,-0.9864,61.6678,0.2525
2560.191,3.7529,92.0217,0.0162,101333.0138,60.7489,Bearing Wear,5.8015,3.8207,-0.185,92.3744,-0.1395,61.325,-0.7184
2584.1356,3.9223,93.6068,0.0171,101292.9624,62.3945,Bearing Wear,1.0,3.8459,0.1694,92.5941,1.5851,61.4687,1.6456
2598.7629,3.826,92.1436,0.0111,101259.2627,61.9507,Bearing Wear,8.9957,3.8217,-0.0963,92.6161,-1.4631,61.5552,-0.4438
2562.1627,3.8005,92.9177,0.0183,101264.91,61.8753,Bearing Wear,6.7383,3.8479,-0.0255,92.5702,0.7741,61.6873,-0.0755
2556.5925,3.4454,91.6023,0.0169,101282.4034,61.8389,Bearing Wear,1.0,3.7494,-0.3551,92.4584,-1.3154,61.7616,-0.0364
2547.6727,4.0062,92.7186,0.0145,101202.0599,62.2874,Bearing Wear,9.8824,3.8001,0.5608,92.5978,1.1162,62.0693,0.4485
2612.4878,3.8307,92.0514,0.0106,101272.2298,61.6272,Bearing Wear,1.0,3.7818,-0.1755,92.2867,-0.6672,61.9159,-0.6602
2568.8005,3.6545,93.3843,0.0116,101385.265,61.8778,Bearing Wear,8.0623,3.7475,-0.1763,92.5349,1.3329,61.9013,0.2506
2612.639,3.8116,93.4179,0.0154,101289.3993,62.4432,Bearing Wear,2.8359,3.7497,0.1572,92.6349,0.0336,62.0149,0.5653
2587.6139,3.9737,93.0991,0.0184,101379.255,62.1869,Bearing Wear,1.0,3.8554,0.1621,92.9343,-0.3187,62.0845,-0.2563
2556.7386,4.0358,91.8588,0.0136,101280.6551,62.3647,Bearing Wear,9.2179,3.8613,0.0621,92.7623,-1.2404,62.1,0.1778
2587.6624,3.9696,93.1094,0.014,101291.1055,61.1298,Bearing Wear,4.7709,3.889,-0.0662,92.9739,1.2507,62.0005,-1.2349
2578.8317,3.7635,93.5357,0.0145,101289.894,61.9597,Bearing Wear,10.7451,3.9108,-0.2061,93.0042,0.4263,62.0168,0.8299
2553.4509,3.9219,92.912,0.0173,101218.8527,61.7504,Bearing Wear,1.0,3.9329,0.1585,92.903,-0.6238,61.8783,-0.2092
2571.4626,3.6994,92.3849,0.0199,101307.656,62.1444,Bearing Wear,4.56,3.878,-0.2225,92.7602,-0.5271,61.8698,0.3939
2556.9334,3.8211,92.1561,0.0135,101269.1731,61.5981,Bearing Wear,9.3016,3.8351,0.1216,92.8196,-0.2288,61.7165,-0.5462
2567.8824,3.6124,93.4882,0.0112,101294.1478,62.0025,Bearing Wear,1.8305,3.7636,-0.2087,92.8954,1.3321,61.891,0.4044
